,pred_SOL,price,name,rarity_rank,trait_n,extra.img,diff
124,35.962914,30.0,Trippin' Ape Tribe #8960,6744,4,https://bafybeife5bbgyj7xootaol7vqmk35l6kz5jncozchxy44rxcvzlgsvj7n4.ipfs.nftstorage.link/8960.png?ext=png,5.962913999999998
168,22.155815,19.2,Trippin' Ape Tribe #1264,9027,6,https://bafybeiguvhsni5fcxjnkb6ax34twzgpesgmr2n2ve77r5v4njws5ojk4cm.ipfs.nftstorage.link/1264.png?ext=png,2.955815000000001
100,18.687082,19.1,Trippin' Ape Tribe #8185,8147,5,https://bafybeia2yg4nchlxoqmwupifrvljdy7caxw5234bfcddalq5wzy4zpzu3e.ipfs.nftstorage.link/8185.png?ext=png,-0.41291800000000123
26,19.571634,20.0,Trippin' Ape Tribe #8140,4003,6,https://bafybeigtmideo3ucv44mthawld5vcfflmsy7jhvouus7dnfyoug3qxymia.ipfs.nftstorage.link/8140.png?ext=png,-0.42836600000000047
43,19.456057,20.0,Trippin' Ape Tribe #1185,7943,6,https://bafybeidhumcywhqmw5vqiqwewz5hg3e22h2pof3s3725jbpey5fa6gnxny.ipfs.nftstorage.link/1185.png?ext=png,-0.5439429999999987
53,18.16668,19.0,Trippin' Ape Tribe #9719,9821,6,https://bafybeiahhcvghjjsmw2kqlo5nt3exbqeumvxkz2fj54i2etqprcdbdsrzu.ipfs.nftstorage.link/9719.png?ext=png,-0.8333200000000005
46,18.006966,19.0,Trippin' Ape Tribe #9431,9421,6,https://bafybeiazgj2ajruydb7pdsihytwyusp5vm2q5mzfdjwskfqfwzcv52kfaq.ipfs.nftstorage.link/9431.png?ext=png,-0.9930340000000015
6,18.941708,20.0,Trippin' Ape Tribe #5730,6196,6,https://bafybeifycjfitg5sxdwkf2uxdhqicm5y4tvevwg2kthe5xtwuzc7uglcnm.ipfs.nftstorage.link/5730.png?ext=png,-1.0582920000000016
167,17.927893,19.29,Trippin' Ape Tribe #2334,8788,6,https://bafybeibwxeyq3mvxorg2jj2hlcppl7424oinh3b3r2mhe7sjvx5slt27gm.ipfs.nftstorage.link/2334.png?ext=png,-1.3621069999999982
89,28.47055,29.99,Trippin' Ape Tribe #6403,1427,6,https://bafybeiamg7ozqwqdg3frrh2oeiwwholpyiqeb5rguv3koicj7p3e4eutyu.ipfs.nftstorage.link/6403.png?ext=png,-1.519449999999999
9,17.151606,18.7,Trippin' Ape Tribe #9338,7987,6,https://bafybeibtagmh76dybpz665sz3pc7t57n6vgwi7j6inl5tsywpkcrpopeby.ipfs.nftstorage.link/9338.png?ext=png,-1.5483939999999983
38,17.774637,19.4,Trippin' Ape Tribe #9259,9030,6,https://bafybeif66gl4grmxibng2rsrzintdwolxmes6rn5tk2pvzguvi24fftcpq.ipfs.nftstorage.link/9259.png?ext=png,-1.6253630000000001
62,23.240074,25.0,Trippin' Ape Tribe #6709,4082,6,https://bafybeifbs3qykzsu2qmbst2r2sva2fzmxhsixkvclffkq53a3kaznekymi.ipfs.nftstorage.link/6709.png?ext=png,-1.759926
206,28.157518,30.0,Trippin' Ape Tribe #7618,819,6,https://bafybeihfswjauzu45bvvsbi5o3umhw7acl7s2tqahzbvfra7gugevc65oq.ipfs.nftstorage.link/7618.png?ext=png,-1.8424820000000004
44,27.075005,28.99,Trippin' Ape Tribe #4918,1702,6,https://bafybeifcq2q4ie7vouoxi3kq25ggtirwbmxxsm3kvhxbavvsksusssxo7y.ipfs.nftstorage.link/4918.png?ext=png,-1.9149949999999976
7,17.505558,19.5,Trippin' Ape Tribe #3883,4769,6,https://bafybeiagrj64mckvzuxaxgcddsnahatkpoiaf5fcs7sw25zou44nbcogkm.ipfs.nftstorage.link/3883.png?ext=png,-1.9944419999999994
55,17.982086,20.0,Trippin' Ape Tribe #2835,9103,6,https://bafybeic77brhbjq2kjk65gklgzigbdqfefae6mefle74j24dm2jprvdmuq.ipfs.nftstorage.link/2835.png?ext=png,-2.017914000000001
45,18.6424,21.0,Trippin' Ape Tribe #4707,6600,6,https://bafybeibd2ucyrkqvesobcdjkisraboouksclvzapkrgqe3bu3pr2sa77ui.ipfs.nftstorage.link/4707.png?ext=png,-2.3576000000000015
15,18.411133,21.0,Trippin' Ape Tribe #9725,7892,6,https://bafybeidsoo66vrz3m2ikuzzj5g4yamvxwgray7nysflfitbtzxz4yla4ca.ipfs.nftstorage.link/9725.png?ext=png,-2.5888670000000005
186,37.03157,40.0,Trippin' Ape Tribe #7821,293,6,https://bafybeicvinsektnbshnfpgjaz3vn2uyp6mwpmdnqbua2jytbuiuowwmbbm.ipfs.nftstorage.link/7821.png?ext=png,-2.968429999999998
85,26.909592,30.0,Trippin' Ape Tribe #4441,1756,6,https://bafybeib4gsehqpe5ruocebjoziesfzo7nsymrodr54vemd74axruwec7v4.ipfs.nftstorage.link/4441.png?ext=png,-3.090408
51,18.657028,22.0,Trippin' Ape Tribe #7231,8048,6,https://bafybeigpfyqpuyhaiu43zhut3toh766nnuxxo47xd5mchjmruiv2bzcdye.ipfs.nftstorage.link/7231.png?ext=png,-3.3429719999999996
101,17.552835,21.0,Trippin' Ape Tribe #1090,7583,6,https://bafybeig5nhaiyl47u63vxemyb7ffu44pgu346f6egjlvyz26kozqauqamy.ipfs.nftstorage.link/1090.png?ext=png,-3.4471649999999983
40,18.46207,21.99,Trippin' Ape Tribe #1227,6534,6,https://bafybeiaesitbvknbgvrgnxlx57rkms5a6v5vpzl2w7a336ijnonp2ofj5y.ipfs.nftstorage.link/1227.png?ext=png,-3.527929999999998
108,18.355373,21.9,Trippin' Ape Tribe #1660,8431,6,https://bafybeicm2f5d2dttklhbaccggq2nbiioijpet5sjvbbmrm6wpxkgq5agb4.ipfs.nftstorage.link/1660.png?ext=png,-3.5446269999999984
138,18.195913,21.9,Trippin' Ape Tribe #6849,5083,6,https://bafybeiebtkwdnacd4gkjhmqvcxqozvimjrxum6ckxxr4moewqr55tef77a.ipfs.nftstorage.link/6849.png?ext=png,-3.7040869999999977
183,18.211937,22.22,Trippin' Ape Tribe #9216,9440,6,https://bafybeifqh5fpg4s7p5zm2odfudcgocvwcs6k3lzbfrmtojvjsrw5g253cm.ipfs.nftstorage.link/9216.png?ext=png,-4.008063
103,19.884382,24.1111,Trippin' Ape Tribe #3821,3685,6,https://bafybeiezgxptptigqjsflnthnodhnzc3m7bv5xhq7a4qn462y6qfjv6xwq.ipfs.nftstorage.link/3821.png?ext=png,-4.226718000000002
11,26.709087,31.0,Trippin' Ape Tribe #3691,1417,5,https://bafybeie4kfwrejuidw5qccnvwpbjlxgm4j4juvv35wvbvenz7c3pakwque.ipfs.nftstorage.link/3691.png?ext=png,-4.290913
133,18.257832,22.57,Trippin' Ape Tribe #5750,8833,6,https://bafybeifycjfitg5sxdwkf2uxdhqicm5y4tvevwg2kthe5xtwuzc7uglcnm.ipfs.nftstorage.link/5750.png?ext=png,-4.312168
199,20.572493,24.9,Trippin' Ape Tribe #6225,3627,6,https://bafybeigousytzzwiqhbi4ra6xjt7wjnqxuiryuzqjvbroa3izfhjdfxqlu.ipfs.nftstorage.link/6225.png?ext=png,-4.327506999999997
48,21.638216,26.0,Trippin' Ape Tribe #7620,1926,6,https://bafybeibdzrfpypop54dstjzcszq7x5bhznq26gvcpihaq447he66mtjagu.ipfs.nftstorage.link/7620.png?ext=png,-4.361784
30,19.130404,23.5,Trippin' Ape Tribe #85,7034,6,https://bafybeicvrfn5xz3ycb55azywbiyss5ndecchnq7jtnrlwaq44zsfkqcq2i.ipfs.nftstorage.link/85.png?ext=png,-4.369596000000001
159,18.526535,23.0,Trippin' Ape Tribe #1098,6270,5,https://bafybeig5nhaiyl47u63vxemyb7ffu44pgu346f6egjlvyz26kozqauqamy.ipfs.nftstorage.link/1098.png?ext=png,-4.473465000000001
24,20.52369,25.0,Trippin' Ape Tribe #4601,9389,6,https://bafybeifnmkr2rdidgekxsg4xwrx6qqpdru3hjchavix3hxj4ksru7erirq.ipfs.nftstorage.link/4601.png?ext=png,-4.476310000000002
86,19.513535,24.0,Trippin' Ape Tribe #4002,6803,6,https://bafybeihp2abace5lokwfr62f4bftcakrtxshjxu7uve5ihorspq5prno3u.ipfs.nftstorage.link/4002.png?ext=png,-4.486464999999999
196,19.24053,23.7599,Trippin' Ape Tribe #1501,5809,6,https://bafybeifgoov6v6g7nuqygy5xgzf3ofru3yp35v5qvztlorlzcudfwsup6y.ipfs.nftstorage.link/1501.png?ext=png,-4.5193699999999986
3,18.555618,23.1,Trippin' Ape Tribe #2151,7291,6,https://bafybeibccie2zpbnexprge54egj4mgu25gf5ckbipf5tkk7r3vgwy5evca.ipfs.nftstorage.link/2151.png?ext=png,-4.544382000000002
1,18.417774,22.99,Trippin' Ape Tribe #8439,4756,6,https://bafybeidi7jhrrbjbkcethifkreiaagk4imgrfirow3xurieti5fqzsr2um.ipfs.nftstorage.link/8439.png?ext=png,-4.572225999999997
137,19.025208,23.69,Trippin' Ape Tribe #780,7690,6,https://bafybeidiyapwrl4j6jh63ltuxl4tgird3czqfqpuvpjn4pwzo4q66ztmrm.ipfs.nftstorage.link/780.png?ext=png,-4.664792000000002
54,20.185549,25.0,Trippin' Ape Tribe #6951,2294,6,https://bafybeiaa4ugznz3au6oexspnxmzujtqjbg56247u6ztfhysyhimcunnn3q.ipfs.nftstorage.link/6951.png?ext=png,-4.814450999999998
59,30.159952,35.0,Trippin' Ape Tribe #232,337,6,https://bafybeieb5qyvgioxj346plm3rkajr3kvhnt2eefukdj3sixw7q4h73ni3e.ipfs.nftstorage.link/232.png?ext=png,-4.8400479999999995
5,21.81732,26.89,Trippin' Ape Tribe #3808,1344,6,https://bafybeig6oq5mlruihm7jhsfg4f6m7bfpxdyn6y33esz74rkcrcgb345cjq.ipfs.nftstorage.link/3808.png?ext=png,-5.072680000000002
132,19.414598,24.49,Trippin' Ape Tribe #1621,5552,6,https://bafybeih5ezq22llquiteda7sjcosjxubjdonzmiob2ccdf2ihhiscl2bzm.ipfs.nftstorage.link/1621.png?ext=png,-5.075401999999997
93,17.8406,23.0,Trippin' Ape Tribe #7856,5056,6,https://bafybeickuz3xox36uq6jibb4vp6zudt4o63g5k2ifgjxmqohnqrrs7obnq.ipfs.nftstorage.link/7856.png?ext=png,-5.1594000000000015
197,29.759462,35.0,Trippin' Ape Tribe #8708,2373,6,https://bafybeigmg3ochp2zpezy3hcoksl7dqokposgs5y3c6e5jpollhtzj6atva.ipfs.nftstorage.link/8708.png?ext=png,-5.240538000000001
0,19.713196,25.0,Trippin' Ape Tribe #2649,2289,6,https://bafybeifdjsaqvrvjsgwgipk6gha2sv7b4qfxm4hiyouoztddksv4rdh67e.ipfs.nftstorage.link/2649.png?ext=png,-5.286804
31,17.596663,23.0,Trippin' Ape Tribe #5361,9173,6,https://bafybeihxqz5nwhuotvv36n6quhhmbvrruvopsxwm5gr5jeqxpovq4xte3u.ipfs.nftstorage.link/5361.png?ext=png,-5.4033370000000005
109,19.551308,25.0,Trippin' Ape Tribe #4058,5872,6,https://bafybeiauhc4wgu47szmgodv7ud64yuxwgiqlrziuchi7wxhwwmpup7fwna.ipfs.nftstorage.link/4058.png?ext=png,-5.448692000000001
372,18.428461,23.88,Trippin' Ape Tribe #2844,7720,6,https://bafybeic77brhbjq2kjk65gklgzigbdqfefae6mefle74j24dm2jprvdmuq.ipfs.nftstorage.link/2844.png?ext=png,-5.451539
126,18.388487,23.9,Trippin' Ape Tribe #487,7834,6,https://bafybeib3zabc774xe554jx4u2fawyzunf2et6acscownaoo25krnqju3pq.ipfs.nftstorage.link/487.png?ext=png,-5.511512999999997
140,20.339622,26.0,Trippin' Ape Tribe #7065,1802,6,https://bafybeihukg63dsqklv4aqyvqtcluhdbvvl65wbjmsm5vtfpo3xuo7ymxaa.ipfs.nftstorage.link/7065.png?ext=png,-5.6603780000000015
98,18.833828,24.5,Trippin' Ape Tribe #7513,3892,6,https://bafybeifpawzi5dk5vdlpcen63hlspeb7763rsi7z7mjbwab6ieduk5gccy.ipfs.nftstorage.link/7513.png?ext=png,-5.6661719999999995
123,19.123316,24.8,Trippin' Ape Tribe #6035,4857,6,https://bafybeiczfswx4rblowsvyt6xgswvb2ocobbecjmpeszz66j244k2sx6bvu.ipfs.nftstorage.link/6035.png?ext=png,-5.676684000000002
91,19.321571,25.0,Trippin' Ape Tribe #2831,6666,6,https://bafybeic77brhbjq2kjk65gklgzigbdqfefae6mefle74j24dm2jprvdmuq.ipfs.nftstorage.link/2831.png?ext=png,-5.678429000000001
127,20.348343,26.1,Trippin' Ape Tribe #6574,3264,5,https://bafybeiefqrvwbrmhmjdfzjcfhewh5fhgr4ejv42ogdqbuk3j64bqkyqtyi.ipfs.nftstorage.link/6574.png?ext=png,-5.751657000000002
174,18.078203,23.89,Trippin' Ape Tribe #3786,9676,6,https://bafybeig6oq5mlruihm7jhsfg4f6m7bfpxdyn6y33esz74rkcrcgb345cjq.ipfs.nftstorage.link/3786.png?ext=png,-5.811797000000002
97,21.85165,27.69,Trippin' Ape Tribe #7608,2118,6,https://bafybeihfswjauzu45bvvsbi5o3umhw7acl7s2tqahzbvfra7gugevc65oq.ipfs.nftstorage.link/7608.png?ext=png,-5.838350000000002
121,19.14402,25.0,Trippin' Ape Tribe #4545,4146,6,https://bafybeieqikpprhg6elzorxpc47t7qim73fm5lpawacjqeoaxjodye4y6de.ipfs.nftstorage.link/4545.png?ext=png,-5.855979999999999
92,20.116768,26.0,Trippin' Ape Tribe #5679,1920,6,https://bafybeibb3iql7fzfy7jvwr6gxklm43d57axlphb7zoqtnebiht4nssktey.ipfs.nftstorage.link/5679.png?ext=png,-5.883232
359,19.037228,25.0,Trippin' Ape Tribe #6115,7418,5,https://bafybeicjw2svd6e6j2x6qwc42vnhasmwmg5mjibrjsbtozymwixa63t2fm.ipfs.nftstorage.link/6115.png?ext=png,-5.962772000000001
99,18.44036,24.5,Trippin' Ape Tribe #9683,9916,6,https://bafybeiamdieqt6hthsid6hrmigo7sfxtq34x2r233wbpojhek2vjr2auei.ipfs.nftstorage.link/9683.png?ext=png,-6.059640000000002
42,18.922523,25.0,Trippin' Ape Tribe #4403,4587,6,https://bafybeiesjatnhfqq7gaqztj4jy2lpg5vk47qe6tjptplwwopzbpnsa65p4.ipfs.nftstorage.link/4403.png?ext=png,-6.077476999999998
41,18.885153,25.0,Trippin' Ape Tribe #9745,9405,6,https://bafybeidsoo66vrz3m2ikuzzj5g4yamvxwgray7nysflfitbtzxz4yla4ca.ipfs.nftstorage.link/9745.png?ext=png,-6.114847000000001
139,18.720638,24.9,Trippin' Ape Tribe #6993,5532,6,https://bafybeiaau36mi3ldl7w2ohtgzh555jarpswmr3fnd6zif56rxzmvoucd2u.ipfs.nftstorage.link/6993.png?ext=png,-6.179361999999998
115,20.135899,26.5,Trippin' Ape Tribe #5256,2596,6,https://bafybeiddfmrjeqc3kruwa25jkabe4xdi4qqb2wj7gaumdaew523jn43aby.ipfs.nftstorage.link/5256.png?ext=png,-6.364101000000002
156,18.046103,24.5,Trippin' Ape Tribe #9043,7954,6,https://bafybeidn6ak26fnltbgaipnoqug6oz7l27wfjcryy3zbadq6bvzzfrqasy.ipfs.nftstorage.link/9043.png?ext=png,-6.453897000000001
81,19.037378,25.5,Trippin' Ape Tribe #9673,7915,6,https://bafybeiamdieqt6hthsid6hrmigo7sfxtq34x2r233wbpojhek2vjr2auei.ipfs.nftstorage.link/9673.png?ext=png,-6.462622
151,20.109434,26.6,Trippin' Ape Tribe #7116,2843,6,https://bafybeid6jodxxs7hhuaqakahhxplihlpcg7pmzmn56kkso5zlsig24cn7i.ipfs.nftstorage.link/7116.png?ext=png,-6.490566000000001
95,18.465647,24.99,Trippin' Ape Tribe #2491,5884,6,https://bafybeigq5jwbonbhfjhplvolbhj6swb3w7u3au4r35vehmzft3fex4zxby.ipfs.nftstorage.link/2491.png?ext=png,-6.524352999999998
165,20.380053,26.95,Trippin' Ape Tribe #5237,2944,6,https://bafybeigdd75bfm4mmmpzcvbvvxo4e4r2tm6sl2abyh52d3fb7zi3pop75m.ipfs.nftstorage.link/5237.png?ext=png,-6.569946999999999
113,18.118288,24.69,Trippin' Ape Tribe #6552,8087,6,https://bafybeicqfr6mzqntl6a36tpfiuwf3i77tyshycqo4abkhei2st6jfrwv7m.ipfs.nftstorage.link/6552.png?ext=png,-6.5717120000000016
17,18.895298,25.5,Trippin' Ape Tribe #3322,4089,6,https://bafybeihf7xq37fa2cjv3zdskwg6r7265la7da5gg4ymmugwwpehplu3lia.ipfs.nftstorage.link/3322.png?ext=png,-6.604702
29,18.384117,25.0,Trippin' Ape Tribe #2276,6539,5,https://bafybeic36izbjiq4bqxypbrogwhbzinippoml4dkc53jbd25255aa7ajwu.ipfs.nftstorage.link/2276.png?ext=png,-6.615883
67,17.934668,25.0,Trippin' Ape Tribe #8785,5321,6,https://bafybeicmzrfthwwhcpidnyrenrh4w2vfuscsj6eahl7rxdd3vycrosh7be.ipfs.nftstorage.link/8785.png?ext=png,-7.0653320000000015
177,30.880795,38.0,Trippin' Ape Tribe #1261,816,6,https://bafybeiguvhsni5fcxjnkb6ax34twzgpesgmr2n2ve77r5v4njws5ojk4cm.ipfs.nftstorage.link/1261.png?ext=png,-7.119205000000001
39,19.359426,26.5,Trippin' Ape Tribe #1831,3348,6,https://bafybeibjgjtpam3mqnrbciusoj6s6lb6w6eh5chrrkskiqftmyzlxpkzlu.ipfs.nftstorage.link/1831.png?ext=png,-7.140574000000001
122,18.64237,25.8,Trippin' Ape Tribe #627,5615,6,https://bafybeiehyj7jn4ri55r2chmntemmn66oxi24p4vgz6lexjfy2hy6jd2i7a.ipfs.nftstorage.link/627.png?ext=png,-7.157630000000001
56,22.802195,30.0,Trippin' Ape Tribe #4075,1571,6,https://bafybeiauhc4wgu47szmgodv7ud64yuxwgiqlrziuchi7wxhwwmpup7fwna.ipfs.nftstorage.link/4075.png?ext=png,-7.197804999999999
242,20.553095,27.77,Trippin' Ape Tribe #176,2647,6,https://bafybeiagosvaax3b2u5tvoqruu2b5plgwtlppubg424lmjkbhwygqknokm.ipfs.nftstorage.link/176.png?ext=png,-7.216905000000001
429,19.724855,27.0,Trippin' Ape Tribe #3531,3095,6,https://bafybeihe2h25ai4rcu6nrykb4ym24l6nbi6e5vdpkur2fl3lzaa3jjsq3i.ipfs.nftstorage.link/3531.png?ext=png,-7.275144999999998
315,20.453924,27.9,Trippin' Ape Tribe #2124,3859,6,https://bafybeibhycqe2unodwd7f2a65grawjxjrgdlnd4vtlgt4ebi2g5vmnoo3y.ipfs.nftstorage.link/2124.png?ext=png,-7.446075999999998
125,20.302446,28.0,Trippin' Ape Tribe #4604,3535,6,https://bafybeifnmkr2rdidgekxsg4xwrx6qqpdru3hjchavix3hxj4ksru7erirq.ipfs.nftstorage.link/4604.png?ext=png,-7.697554
182,18.26703,26.0,Trippin' Ape Tribe #6980,8552,6,https://bafybeibzrlztb57622rkvsriyjv2e2kpacxdkx7ouyude66n6h42otuegm.ipfs.nftstorage.link/6980.png?ext=png,-7.732970000000002
71,32.010483,40.0,Trippin' Ape Tribe #2456,2300,6,https://bafybeif35e4samjwylqhymxmsl56qwqscklnxtlve3b2cbacvwnfvn3gy4.ipfs.nftstorage.link/2456.png?ext=png,-7.989516999999999
179,19.651024,27.66,Trippin' Ape Tribe #156,1884,6,https://bafybeiagosvaax3b2u5tvoqruu2b5plgwtlppubg424lmjkbhwygqknokm.ipfs.nftstorage.link/156.png?ext=png,-8.008976
282,17.9334,26.0,Trippin' Ape Tribe #614,6882,6,https://bafybeiehyj7jn4ri55r2chmntemmn66oxi24p4vgz6lexjfy2hy6jd2i7a.ipfs.nftstorage.link/614.png?ext=png,-8.066600000000001
19,21.928768,30.0,Trippin' Ape Tribe #5429,4064,6,https://bafybeidlmrvldq5coqiwnptdjbxe7ej3xfbvh34qo46kqphxcr6fzjla2e.ipfs.nftstorage.link/5429.png?ext=png,-8.071231999999998
306,19.512121,27.77,Trippin' Ape Tribe #7839,4151,6,https://bafybeickuz3xox36uq6jibb4vp6zudt4o63g5k2ifgjxmqohnqrrs7obnq.ipfs.nftstorage.link/7839.png?ext=png,-8.257878999999999
224,48.6191,56.9,Trippin' Ape Tribe #5818,603,6,https://bafybeigotisccl54tprubocel6435bp5crbftckmbgjpb5274kvpvs2te4.ipfs.nftstorage.link/5818.png?ext=png,-8.280899999999995
129,20.659082,29.0,Trippin' Ape Tribe #946,2874,6,https://bafybeiavtd34554jqqqqeemu6r43nzmfsk5yji6ih5tvu54ihklizstom4.ipfs.nftstorage.link/946.png?ext=png,-8.340917999999999
35,19.631874,28.0,Trippin' Ape Tribe #6602,8300,6,https://bafybeigrjgfg43zquugm3fttqvuu6g46eytuyg5d2ohfc7oj42lbotaqfa.ipfs.nftstorage.link/6602.png?ext=png,-8.368126
155,18.598568,27.0,Trippin' Ape Tribe #7825,5078,6,https://bafybeicvinsektnbshnfpgjaz3vn2uyp6mwpmdnqbua2jytbuiuowwmbbm.ipfs.nftstorage.link/7825.png?ext=png,-8.401432
211,19.496424,28.0,Trippin' Ape Tribe #5285,3020,6,https://bafybeieo7iwvewxmi2mpgvwi4syluppzc4a2ra3yuonrvwxaxchrrktp6i.ipfs.nftstorage.link/5285.png?ext=png,-8.503575999999999
259,31.330673,40.0,Trippin' Ape Tribe #6284,608,6,https://bafybeieg3lll7z6hkgbk66xnmbeydafofxzlqszhc4qhfrkladvrtz7t5i.ipfs.nftstorage.link/6284.png?ext=png,-8.669327
79,21.29668,29.99,Trippin' Ape Tribe #1426,1183,6,https://bafybeiejxcv56mjlmo67wbcoquswq3iiumntdyveu2fotoc6vf5sywro4m.ipfs.nftstorage.link/1426.png?ext=png,-8.69332
64,30.275938,39.0,Trippin' Ape Tribe #3178,583,6,https://bafybeievpzq2yo6h7ur7yae2civh566snu75qxdpukacbpwbzl5tulw4wa.ipfs.nftstorage.link/3178.png?ext=png,-8.724062
153,18.217686,27.0,Trippin' Ape Tribe #1424,8493,6,https://bafybeiejxcv56mjlmo67wbcoquswq3iiumntdyveu2fotoc6vf5sywro4m.ipfs.nftstorage.link/1424.png?ext=png,-8.782314
57,20.179298,29.0,Trippin' Ape Tribe #8013,4886,6,https://bafybeibdfxwyootfk4gd4bqe4ld5pwcpbmx46fscaanyld2rugvyvnutji.ipfs.nftstorage.link/8013.png?ext=png,-8.820702
195,19.930105,29.0,Trippin' Ape Tribe #4019,3465,6,https://bafybeihp2abace5lokwfr62f4bftcakrtxshjxu7uve5ihorspq5prno3u.ipfs.nftstorage.link/4019.png?ext=png,-9.069894999999999
180,17.821516,26.9,Trippin' Ape Tribe #3068,4566,6,https://bafybeic7qymizulbrazjit6a6enkca4wbjw52yd5vprh73heyedmlgnpd4.ipfs.nftstorage.link/3068.png?ext=png,-9.078484
52,18.15357,27.27,Trippin' Ape Tribe #6580,3791,6,https://bafybeiefqrvwbrmhmjdfzjcfhewh5fhgr4ejv42ogdqbuk3j64bqkyqtyi.ipfs.nftstorage.link/6580.png?ext=png,-9.116430000000001
143,20.74512,29.99,Trippin' Ape Tribe #4759,2715,6,https://bafybeihishbs2oeir6a7r4qad7l7frvgodfheuuugwevx4yxfukby2a3xq.ipfs.nftstorage.link/4759.png?ext=png,-9.244879999999998
16,18.25502,27.5,Trippin' Ape Tribe #9830,9651,6,https://bafybeiepilmsehzs7gltqzemhbtfbww6bwwl2pizlvgjpbcrdi7vr22xha.ipfs.nftstorage.link/9830.png?ext=png,-9.244980000000002
213,32.632698,42.0,Trippin' Ape Tribe #2048,1828,6,https://bafybeic4nzc7x7gram3cwbrzqyrc7zaczih43c6gxrms3y2al63dy57umq.ipfs.nftstorage.link/2048.png?ext=png,-9.367302000000002
303,25.605865,35.0,Trippin' Ape Tribe #6232,1014,6,https://bafybeigousytzzwiqhbi4ra6xjt7wjnqxuiryuzqjvbroa3izfhjdfxqlu.ipfs.nftstorage.link/6232.png?ext=png,-9.394134999999999
382,30.599178,40.0,Trippin' Ape Tribe #3413,633,6,https://bafybeibifbh6k3iydrfm6wgwtw7y3r4scxtp45eiftdlarkflui2jxsm2i.ipfs.nftstorage.link/3413.png?ext=png,-9.400822000000002
157,23.041018,32.5,Trippin' Ape Tribe #56,1396,6,https://bafybeicc32ugbc4mrah6bqiy6exncns4vimrm7ohmxtbf45uf7ibkbzvnq.ipfs.nftstorage.link/56.png?ext=png,-9.458981999999999
172,18.821325,28.5,Trippin' Ape Tribe #4691,9635,6,https://bafybeibd2ucyrkqvesobcdjkisraboouksclvzapkrgqe3bu3pr2sa77ui.ipfs.nftstorage.link/4691.png?ext=png,-9.678674999999998
94,20.268795,30.0,Trippin' Ape Tribe #6331,2935,6,https://bafybeihq53ibebzh57jlwbqj3c6bogu6dhnl7n6acf46ok7dtw5dpnip2q.ipfs.nftstorage.link/6331.png?ext=png,-9.731205
296,30.179188,40.0,Trippin' Ape Tribe #7132,315,6,https://bafybeid6jodxxs7hhuaqakahhxplihlpcg7pmzmn56kkso5zlsig24cn7i.ipfs.nftstorage.link/7132.png?ext=png,-9.820812
118,28.132607,38.0,Trippin' Ape Tribe #6958,1654,6,https://bafybeiaa4ugznz3au6oexspnxmzujtqjbg56247u6ztfhysyhimcunnn3q.ipfs.nftstorage.link/6958.png?ext=png,-9.867393
207,17.811028,27.69,Trippin' Ape Tribe #6931,3030,6,https://bafybeiaa4ugznz3au6oexspnxmzujtqjbg56247u6ztfhysyhimcunnn3q.ipfs.nftstorage.link/6931.png?ext=png,-9.878972000000001
266,20.042099,30.0,Trippin' Ape Tribe #3631,3191,6,https://bafybeihskoubxml6ylndg5zvnqtlg7dc6ko2rehywhx6uuf4k62jrpzzka.ipfs.nftstorage.link/3631.png?ext=png,-9.957901
25,24.985813,35.0,Trippin' Ape Tribe #2017,1516,6,https://bafybeicw4z3x6hqhlysdqrl72wmqdejsciqpwty4jwxjilzouwzwcw52je.ipfs.nftstorage.link/2017.png?ext=png,-10.014187
145,18.853863,28.88,Trippin' Ape Tribe #8368,3248,6,https://bafybeiblca6ragqori5k645zfu3ydaiuqp7cs32zffr4yj7gqxmhphtc3q.ipfs.nftstorage.link/8368.png?ext=png,-10.026136999999999
23,17.921453,28.0,Trippin' Ape Tribe #4944,7282,6,https://bafybeiheoo2rsuiw3vlumyrcgcut7jdnm6rtlajefvg2yv22lobuicxdbi.ipfs.nftstorage.link/4944.png?ext=png,-10.078547
78,19.79072,29.99,Trippin' Ape Tribe #8266,2199,6,https://bafybeihyzpkspbpfm3wq2g7fakg3u7ctqacofegtb2ltdlbvc3zfnzhk3i.ipfs.nftstorage.link/8266.png?ext=png,-10.199279999999998
300,17.78418,28.0,Trippin' Ape Tribe #4679,8965,6,https://bafybeih5yzjfbap2y4y5zkxm5b5qfwvmvsxgnypfs43inba34yeon3v25u.ipfs.nftstorage.link/4679.png?ext=png,-10.21582
231,29.74826,40.0,Trippin' Ape Tribe #6597,3611,5,https://bafybeiefqrvwbrmhmjdfzjcfhewh5fhgr4ejv42ogdqbuk3j64bqkyqtyi.ipfs.nftstorage.link/6597.png?ext=png,-10.251740000000002
185,18.716518,29.0,Trippin' Ape Tribe #414,5112,6,https://bafybeiduwe6kdezpr4ya7xkxzopcho7gs6wlmy7x23scv6wgcixptjs374.ipfs.nftstorage.link/414.png?ext=png,-10.283482
246,19.551676,30.0,Trippin' Ape Tribe #4765,4041,6,https://bafybeihishbs2oeir6a7r4qad7l7frvgodfheuuugwevx4yxfukby2a3xq.ipfs.nftstorage.link/4765.png?ext=png,-10.448324
321,18.45922,29.0,Trippin' Ape Tribe #8220,3468,6,https://bafybeidmz2knd3ga3ywtgbsv2yclhwsbrbm5zqwakj73c5nktaddknqmqy.ipfs.nftstorage.link/8220.png?ext=png,-10.540780000000002
275,24.37433,35.0,Trippin' Ape Tribe #6590,1937,6,https://bafybeiefqrvwbrmhmjdfzjcfhewh5fhgr4ejv42ogdqbuk3j64bqkyqtyi.ipfs.nftstorage.link/6590.png?ext=png,-10.62567
236,18.127722,29.0,Trippin' Ape Tribe #2366,8378,6,https://bafybeib6lnbxpkkcehy54c5wdyoqlcqnws46ogktyju4nsvgy4aiploq2q.ipfs.nftstorage.link/2366.png?ext=png,-10.872278000000001
82,24.20045,35.1,Trippin' Ape Tribe #2556,1288,6,https://bafybeiaddnskawkg2wa3366swbd44dxmfp4mjxxen6ihcpnm7q33xngzwm.ipfs.nftstorage.link/2556.png?ext=png,-10.899550000000001
119,18.082817,29.0,Trippin' Ape Tribe #9826,9767,5,https://bafybeiepilmsehzs7gltqzemhbtfbww6bwwl2pizlvgjpbcrdi7vr22xha.ipfs.nftstorage.link/9826.png?ext=png,-10.917183000000001
339,17.991817,29.0,Trippin' Ape Tribe #640,9501,6,https://bafybeieao2o5zlgaos2l76xfdcrwjjoqvkzfuh4cgkcaedfgcd6jk6ehia.ipfs.nftstorage.link/640.png?ext=png,-11.008182999999999
170,18.968803,30.0,Trippin' Ape Tribe #6895,5879,6,https://bafybeiehwl4duqy3c2ldzvty7my5ndkou2ce7kn7tbcilwtxzltv742p2q.ipfs.nftstorage.link/6895.png?ext=png,-11.031196999999999
21,21.942879,33.0,Trippin' Ape Tribe #7103,1082,6,https://bafybeiboo3vznq2ltp2rdtqsdbw2afuxqfcsayk33t7ssp6c4rt4sajhcy.ipfs.nftstorage.link/7103.png?ext=png,-11.057120999999999
268,18.867565,30.0,Trippin' Ape Tribe #3643,6672,6,https://bafybeihskoubxml6ylndg5zvnqtlg7dc6ko2rehywhx6uuf4k62jrpzzka.ipfs.nftstorage.link/3643.png?ext=png,-11.132435000000001
302,28.809393,40.0,Trippin' Ape Tribe #1235,641,6,https://bafybeihifzmwp4cyt2ch7fngku44onrhspv6e2uzscamxxwtq5jpqyyhg4.ipfs.nftstorage.link/1235.png?ext=png,-11.190607
203,18.722538,30.0,Trippin' Ape Tribe #3910,7810,6,https://bafybeidyev2627fxnme5dudwvi2iw4tfbhtfnwse4kbbslow5344qkk724.ipfs.nftstorage.link/3910.png?ext=png,-11.277462
66,18.402111,29.69,Trippin' Ape Tribe #2748,4289,6,https://bafybeifeh3hkcwtenzczpsjkntrqj2cwvty3ehl25z3xjys4ei3eytetgm.ipfs.nftstorage.link/2748.png?ext=png,-11.287889
58,22.106544,33.42,Trippin' Ape Tribe #4806,3690,6,https://bafybeig5otyla2t4qnpsemfg3hxqqfxg4hzolxq274wirv5gdmonrra45q.ipfs.nftstorage.link/4806.png?ext=png,-11.313456000000002
105,18.641088,30.0,Trippin' Ape Tribe #6067,5877,6,https://bafybeibhgmrosdz3uoisrtu3s6zt6uxvvht3yaec72urvejpr6zhsgo4jq.ipfs.nftstorage.link/6067.png?ext=png,-11.358912
191,16.64019,28.0,Trippin' Ape Tribe #6973,8189,6,https://bafybeibzrlztb57622rkvsriyjv2e2kpacxdkx7ouyude66n6h42otuegm.ipfs.nftstorage.link/6973.png?ext=png,-11.35981
158,18.636276,30.0,Trippin' Ape Tribe #1237,7216,6,https://bafybeihifzmwp4cyt2ch7fngku44onrhspv6e2uzscamxxwtq5jpqyyhg4.ipfs.nftstorage.link/1237.png?ext=png,-11.363724000000001
61,18.401077,29.89,Trippin' Ape Tribe #5342,5003,6,https://bafybeihxqz5nwhuotvv36n6quhhmbvrruvopsxwm5gr5jeqxpovq4xte3u.ipfs.nftstorage.link/5342.png?ext=png,-11.488923
237,18.442554,29.97,Trippin' Ape Tribe #6078,2795,6,https://bafybeibhgmrosdz3uoisrtu3s6zt6uxvvht3yaec72urvejpr6zhsgo4jq.ipfs.nftstorage.link/6078.png?ext=png,-11.527445999999998
84,18.346445,30.0,Trippin' Ape Tribe #6156,6338,6,https://bafybeia3uay6buz5g54if2qtjv56kistdfvg4z34phucrltcr5zxbz6xyi.ipfs.nftstorage.link/6156.png?ext=png,-11.653555
227,20.34223,32.0,Trippin' Ape Tribe #6443,1797,6,https://bafybeif7whjovqegwkzwubzgevmqeyfombb357kynz3yrso4vo3wr3h2bq.ipfs.nftstorage.link/6443.png?ext=png,-11.65777
217,17.787643,29.5,Trippin' Ape Tribe #1845,6109,6,https://bafybeibjgjtpam3mqnrbciusoj6s6lb6w6eh5chrrkskiqftmyzlxpkzlu.ipfs.nftstorage.link/1845.png?ext=png,-11.712357
75,23.273327,35.0,Trippin' Ape Tribe #8492,1658,6,https://bafybeiep4u7udyipg2oyvfznzcr73jz2irxjynurunbwvwn2ah6k7fkzla.ipfs.nftstorage.link/8492.png?ext=png,-11.726673000000002
150,18.075693,30.0,Trippin' Ape Tribe #9065,9605,6,https://bafybeie5n4sooo6w6rrn3xsntup2bvl7q7nmz5sqrb45m4i4ivzhb5arzq.ipfs.nftstorage.link/9065.png?ext=png,-11.924306999999999
425,22.993713,35.0,Trippin' Ape Tribe #7409,1069,6,https://bafybeiadj224w5jbouavfr2vjbn3gbztrsttzjb62bwqheexplo6wigkya.ipfs.nftstorage.link/7409.png?ext=png,-12.006287
47,22.915743,35.0,Trippin' Ape Tribe #2607,2579,6,https://bafybeibqvtenms4gjr2rd5doosvju6n6btzlmyw4dzyawtgemibdnch2om.ipfs.nftstorage.link/2607.png?ext=png,-12.084257000000001
398,17.887001,30.0,Trippin' Ape Tribe #5766,7207,6,https://bafybeiauhxudp7ds77jczlvkluiuwu2cjve3qbgnohydwgz32belhlamiu.ipfs.nftstorage.link/5766.png?ext=png,-12.112998999999999
164,21.049887,33.2,Trippin' Ape Tribe #2286,2172,6,https://bafybeici57n5p3r3kcnmycpgwqrshuecsoocvdxc6d3ab5hlbfavtpu2gu.ipfs.nftstorage.link/2286.png?ext=png,-12.150113000000005
312,22.78962,35.0,Trippin' Ape Tribe #918,2382,6,https://bafybeiehf5kpbcr2yk5kgtxbrhrgpl6k6j2dak47cmnvod4nb7s3qtcdxe.ipfs.nftstorage.link/918.png?ext=png,-12.21038
267,35.34689,47.69,Trippin' Ape Tribe #7831,1132,6,https://bafybeickuz3xox36uq6jibb4vp6zudt4o63g5k2ifgjxmqohnqrrs7obnq.ipfs.nftstorage.link/7831.png?ext=png,-12.343109999999996
279,19.581017,32.0,Trippin' Ape Tribe #4971,4329,6,https://bafybeig6wbpturw3ceeewum5chral4mwewea2lmftfp7a3pzhms5a4scjq.ipfs.nftstorage.link/4971.png?ext=png,-12.418983
120,17.209879,29.69,Trippin' Ape Tribe #9998,7100,5,https://bafybeid57zdim6oi236jl5cxeabsosnlr6lurblmufw3rltab6n3vhvvey.ipfs.nftstorage.link/9998.png?ext=png,-12.480121
428,37.51957,50.0,Trippin' Ape Tribe #237,287,6,https://bafybeieb5qyvgioxj346plm3rkajr3kvhnt2eefukdj3sixw7q4h73ni3e.ipfs.nftstorage.link/237.png?ext=png,-12.480429999999998
292,21.492413,34.0,Trippin' Ape Tribe #4611,5901,6,https://bafybeifnmkr2rdidgekxsg4xwrx6qqpdru3hjchavix3hxj4ksru7erirq.ipfs.nftstorage.link/4611.png?ext=png,-12.507587000000001
63,42.152695,54.99,Trippin' Ape Tribe #92,154,6,https://bafybeihkl7oglt32j2r7fr4wi4uqgve2wj2hlcjh6hu3zpdm3qiet3hmf4.ipfs.nftstorage.link/92.png?ext=png,-12.837305
173,25.80336,38.69,Trippin' Ape Tribe #3292,1019,6,https://bafybeihway7fs2f64nvqasnvomcoopef54juerbfva5lr7nvg76nqmksjm.ipfs.nftstorage.link/3292.png?ext=png,-12.886639999999996
261,18.059164,30.99,Trippin' Ape Tribe #9677,9877,6,https://bafybeiamdieqt6hthsid6hrmigo7sfxtq34x2r233wbpojhek2vjr2auei.ipfs.nftstorage.link/9677.png?ext=png,-12.930836
226,20.372395,33.33,Trippin' Ape Tribe #1049,2697,6,https://bafybeicehdhnsrwexg4vq4oaohxchdvygi3hroeujxccfxf4ymcx5w4vti.ipfs.nftstorage.link/1049.png?ext=png,-12.957604999999997
477,34.439205,47.8,Trippin' Ape Tribe #2715,866,6,https://bafybeicov7mgkabflqn7z753ci4bh6qrlaqwdvqw7ewbbwnct2oqrzbzb4.ipfs.nftstorage.link/2715.png?ext=png,-13.360794999999996
249,31.573427,45.0,Trippin' Ape Tribe #3809,362,6,https://bafybeig6oq5mlruihm7jhsfg4f6m7bfpxdyn6y33esz74rkcrcgb345cjq.ipfs.nftstorage.link/3809.png?ext=png,-13.426573000000001
318,26.521057,40.0,Trippin' Ape Tribe #3101,1220,6,https://bafybeihb3gf5aqqco7x5qqjy5zt35ix2bazrrcg2sxjll7sw245anzeenq.ipfs.nftstorage.link/3101.png?ext=png,-13.478943000000001
142,18.469004,32.0,Trippin' Ape Tribe #5980,3384,6,https://bafybeia2qjbfi26ng5ozb7rn7opnf74qzipziixrkm6ujxbd66cdivjlyi.ipfs.nftstorage.link/5980.png?ext=png,-13.530995999999998
294,19.408554,33.0,Trippin' Ape Tribe #2444,2670,6,https://bafybeif35e4samjwylqhymxmsl56qwqscklnxtlve3b2cbacvwnfvn3gy4.ipfs.nftstorage.link/2444.png?ext=png,-13.591446000000001
135,31.374197,45.0,Trippin' Ape Tribe #3765,383,6,https://bafybeick3vwrsnqwovb5l6o4vvtlkmzhuazy5j7ei62oljf7opzcxskwqu.ipfs.nftstorage.link/3765.png?ext=png,-13.625803000000001
264,28.316017,41.99,Trippin' Ape Tribe #4212,4372,6,https://bafybeifp4euhkggxowincbbcwg3jesci5e77sov22jtnynw5ffnm3i3gva.ipfs.nftstorage.link/4212.png?ext=png,-13.673983000000003
276,19.9239,33.6,Trippin' Ape Tribe #6327,3493,6,https://bafybeieca2wzqt4qyq2v3un6r45z7nbmwwwo4ktl4xvykdaebkeigkibgu.ipfs.nftstorage.link/6327.png?ext=png,-13.676100000000002
13,28.310019,42.0,Trippin' Ape Tribe #1612,661,5,https://bafybeidb2dqbfecvua7ufavbjgyyfessio7p23c4uvqoaf7z4ukb6wnepq.ipfs.nftstorage.link/1612.png?ext=png,-13.689981
96,20.917107,35.0,Trippin' Ape Tribe #8733,2992,6,https://bafybeiemtbwcbp65kwo7uroanj4rl67aavwfw7tpvc5r6xcmatrmovztdq.ipfs.nftstorage.link/8733.png?ext=png,-14.082892999999999
76,18.910349,33.0,Trippin' Ape Tribe #465,5175,6,https://bafybeic2dfoaanu4g67edgn4ujekbmicoftdl2w7gzmfe3tdsinwjt5p6e.ipfs.nftstorage.link/465.png?ext=png,-14.089651
116,40.86208,55.0,Trippin' Ape Tribe #5794,523,6,https://bafybeigotisccl54tprubocel6435bp5crbftckmbgjpb5274kvpvs2te4.ipfs.nftstorage.link/5794.png?ext=png,-14.137920000000001
152,25.73295,40.0,Trippin' Ape Tribe #4760,1016,6,https://bafybeihishbs2oeir6a7r4qad7l7frvgodfheuuugwevx4yxfukby2a3xq.ipfs.nftstorage.link/4760.png?ext=png,-14.267050000000001
188,20.347685,35.0,Trippin' Ape Tribe #5401,2378,6,https://bafybeidlmrvldq5coqiwnptdjbxe7ej3xfbvh34qo46kqphxcr6fzjla2e.ipfs.nftstorage.link/5401.png?ext=png,-14.652315000000002
149,18.322262,33.0,Trippin' Ape Tribe #2641,8558,6,https://bafybeifdjsaqvrvjsgwgipk6gha2sv7b4qfxm4hiyouoztddksv4rdh67e.ipfs.nftstorage.link/2641.png?ext=png,-14.677738000000002
332,34.870594,49.6,Trippin' Ape Tribe #5713,191,6,https://bafybeihwg5jla5zsygjydlefj46v4jomqdu373fkbwhamngyc7h7okn5na.ipfs.nftstorage.link/5713.png?ext=png,-14.729406000000004
349,30.097803,45.0,Trippin' Ape Tribe #8145,587,6,https://bafybeigtmideo3ucv44mthawld5vcfflmsy7jhvouus7dnfyoug3qxymia.ipfs.nftstorage.link/8145.png?ext=png,-14.902197000000001
14,25.065733,40.0,Trippin' Ape Tribe #2316,1865,6,https://bafybeibwxeyq3mvxorg2jj2hlcppl7424oinh3b3r2mhe7sjvx5slt27gm.ipfs.nftstorage.link/2316.png?ext=png,-14.934266999999998
80,19.963755,35.0,Trippin' Ape Tribe #1013,7508,6,https://bafybeia5py6w7qxzzgvtjvvf4oylkeihhd4qki5k3mlqh4eaq4z5mnlroe.ipfs.nftstorage.link/1013.png?ext=png,-15.036245000000001
255,23.505344,39.0,Trippin' Ape Tribe #1542,1572,6,https://bafybeicqix7e3nckym5paurf6ra7n5ouuy254neo5nu5lai3vjjzv72p3q.ipfs.nftstorage.link/1542.png?ext=png,-15.494655999999999
34,29.293642,45.0,Trippin' Ape Tribe #1213,412,6,https://bafybeiaesitbvknbgvrgnxlx57rkms5a6v5vpzl2w7a336ijnonp2ofj5y.ipfs.nftstorage.link/1213.png?ext=png,-15.706358000000002
256,18.850504,35.0,Trippin' Ape Tribe #7688,3872,6,https://bafybeiatnncduwhx2v3pg6ndpk26g26gzvlo6knnogriqp5cjscdyppqou.ipfs.nftstorage.link/7688.png?ext=png,-16.149496
176,19.805372,36.0,Trippin' Ape Tribe #2499,5989,6,https://bafybeigq5jwbonbhfjhplvolbhj6swb3w7u3au4r35vehmzft3fex4zxby.ipfs.nftstorage.link/2499.png?ext=png,-16.194628
27,23.798681,40.0,Trippin' Ape Tribe #4418,1867,6,https://bafybeievjbne7a2otfr7cex3lknoxqvvaiv6fuqkssfpknmt6svaxvq5uu.ipfs.nftstorage.link/4418.png?ext=png,-16.201319
214,23.737577,40.0,Trippin' Ape Tribe #2223,4488,6,https://bafybeie57mmmlfu4yo22d3722sc62zi3lnbszu7y5bg4xy4glmcaywnjzm.ipfs.nftstorage.link/2223.png?ext=png,-16.262423
88,18.655874,35.0,Trippin' Ape Tribe #96,8675,6,https://bafybeihkl7oglt32j2r7fr4wi4uqgve2wj2hlcjh6hu3zpdm3qiet3hmf4.ipfs.nftstorage.link/96.png?ext=png,-16.344126
36,18.507452,35.0,Trippin' Ape Tribe #8625,6912,6,https://bafybeidmgz455wfzcsn7uubmhtfh6ujcf32c7er4hiwzizytw7a5c4ojni.ipfs.nftstorage.link/8625.png?ext=png,-16.492548
281,18.501146,35.0,Trippin' Ape Tribe #2319,4413,6,https://bafybeibwxeyq3mvxorg2jj2hlcppl7424oinh3b3r2mhe7sjvx5slt27gm.ipfs.nftstorage.link/2319.png?ext=png,-16.498854
166,23.407658,40.0,Trippin' Ape Tribe #8197,940,6,https://bafybeib2vofcbtryjmbqpkfkffhoeto6vmc2o56l5u3izn43ghxsd5md4e.ipfs.nftstorage.link/8197.png?ext=png,-16.592342
383,18.02705,34.88,Trippin' Ape Tribe #7609,8045,6,https://bafybeihfswjauzu45bvvsbi5o3umhw7acl7s2tqahzbvfra7gugevc65oq.ipfs.nftstorage.link/7609.png?ext=png,-16.852950000000003
474,18.470438,35.35,Trippin' Ape Tribe #8295,3891,6,https://bafybeih5o2zplvzal6zik75wb6coidv7ayj7q3cu2agzxvhue5hwraxaui.ipfs.nftstorage.link/8295.png?ext=png,-16.879562
204,20.10625,37.0,Trippin' Ape Tribe #3024,2073,6,https://bafybeibbzpwbca3w6jeaxh4pbwqxzrbxa3edwhwy6wsjv4zd3umdm2v2ea.ipfs.nftstorage.link/3024.png?ext=png,-16.89375
233,18.096586,35.0,Trippin' Ape Tribe #8105,9473,6,https://bafybeib2e4efhyclz3xrtogyhuy2iurfmaxoxqzxl4gmxixb7uifacqyo4.ipfs.nftstorage.link/8105.png?ext=png,-16.903414
343,17.946978,34.9,Trippin' Ape Tribe #1289,7381,6,https://bafybeiguvhsni5fcxjnkb6ax34twzgpesgmr2n2ve77r5v4njws5ojk4cm.ipfs.nftstorage.link/1289.png?ext=png,-16.953021999999997
163,21.029858,38.0,Trippin' Ape Tribe #6506,2717,6,https://bafybeie5n7teyeikrhbv7q2pg5jp3em6sgc5bglt4ogaxctatyd5dz6tgm.ipfs.nftstorage.link/6506.png?ext=png,-16.970142
10,39.964558,57.0,Trippin' Ape Tribe #8271,276,6,https://bafybeihyzpkspbpfm3wq2g7fakg3u7ctqacofegtb2ltdlbvc3zfnzhk3i.ipfs.nftstorage.link/8271.png?ext=png,-17.035442000000003
361,17.847723,35.0,Trippin' Ape Tribe #8605,4441,6,https://bafybeidvn4pfapznxek6ynxjohujpuuopr7rgomjle5phbs4g4ln24u5ii.ipfs.nftstorage.link/8605.png?ext=png,-17.152277
319,17.368315,34.56,Trippin' Ape Tribe #5866,8490,6,https://bafybeidvprzh74mxtpky3ngh3ihc53fjdb4s7hv3nz562uzgteev7pcogy.ipfs.nftstorage.link/5866.png?ext=png,-17.191685000000003
247,18.658125,36.0,Trippin' Ape Tribe #9404,9567,6,https://bafybeickiutnbfp4xd3ffmjclgayn7qn63kr7oh33npy26aqhojaxp2thy.ipfs.nftstorage.link/9404.png?ext=png,-17.341875
83,22.498999,39.99,Trippin' Ape Tribe #2340,1407,5,https://bafybeib6lnbxpkkcehy54c5wdyoqlcqnws46ogktyju4nsvgy4aiploq2q.ipfs.nftstorage.link/2340.png?ext=png,-17.491001
160,32.471455,50.0,Trippin' Ape Tribe #5278,1099,6,https://bafybeiddfmrjeqc3kruwa25jkabe4xdi4qqb2wj7gaumdaew523jn43aby.ipfs.nftstorage.link/5278.png?ext=png,-17.528545
187,19.905325,37.5,Trippin' Ape Tribe #3865,5967,6,https://bafybeighenrqxosxvgtquv2k6wcjc5fnsnzcyafcojf2znyymipdpm43sq.ipfs.nftstorage.link/3865.png?ext=png,-17.594675
283,51.33614,69.0,Trippin' Ape Tribe #2187,137,6,https://bafybeifokc4e2rprqpze7h4bvd5f4qynrgdanvld4tvn24dzzpf44wjgru.ipfs.nftstorage.link/2187.png?ext=png,-17.66386
208,21.009663,38.76,Trippin' Ape Tribe #2441,2119,6,https://bafybeif35e4samjwylqhymxmsl56qwqscklnxtlve3b2cbacvwnfvn3gy4.ipfs.nftstorage.link/2441.png?ext=png,-17.750337
209,24.9222,43.0,Trippin' Ape Tribe #2802,936,6,https://bafybeialmbyvi4dwfpozgvkp64iotxvczuya3s5hxskgmn5q677uv7gxay.ipfs.nftstorage.link/2802.png?ext=png,-18.0778
128,19.35262,38.0,Trippin' Ape Tribe #1065,6770,6,https://bafybeidhpq3lcgwrx45w3vmwrcspwxbmcjnfs4dhxr64igthbl2ybixmki.ipfs.nftstorage.link/1065.png?ext=png,-18.64738
342,21.305756,40.0,Trippin' Ape Tribe #7301,1939,6,https://bafybeiatecpytvlfwltbw6c7rq6w5pw3tkas4kwxmcsselfwf3l3crncte.ipfs.nftstorage.link/7301.png?ext=png,-18.694244
313,20.294931,39.0,Trippin' Ape Tribe #590,2665,6,https://bafybeibfm3kte223zqgx43bibgk4ogtvhw7zfjsgqefbbyzuzs5quu3toq.ipfs.nftstorage.link/590.png?ext=png,-18.705069
72,21.114187,40.0,Trippin' Ape Tribe #3310,3808,6,https://bafybeihf7xq37fa2cjv3zdskwg6r7265la7da5gg4ymmugwwpehplu3lia.ipfs.nftstorage.link/3310.png?ext=png,-18.885813
284,20.888899,40.0,Trippin' Ape Tribe #5153,2808,6,https://bafybeiayrjqbfclppyi2wjlb56umsxbitmuftx633diorpr6cdfypdprmq.ipfs.nftstorage.link/5153.png?ext=png,-19.111101
322,17.745886,37.0,Trippin' Ape Tribe #6487,9088,6,https://bafybeie5n7teyeikrhbv7q2pg5jp3em6sgc5bglt4ogaxctatyd5dz6tgm.ipfs.nftstorage.link/6487.png?ext=png,-19.254114
230,19.495651,38.89,Trippin' Ape Tribe #5247,6588,5,https://bafybeigdd75bfm4mmmpzcvbvvxo4e4r2tm6sl2abyh52d3fb7zi3pop75m.ipfs.nftstorage.link/5247.png?ext=png,-19.394349000000002
134,23.781178,43.33,Trippin' Ape Tribe #8226,2732,5,https://bafybeidmz2knd3ga3ywtgbsv2yclhwsbrbm5zqwakj73c5nktaddknqmqy.ipfs.nftstorage.link/8226.png?ext=png,-19.548821999999998
77,20.428953,40.0,Trippin' Ape Tribe #3239,1747,6,https://bafybeiax62ij5ea3dymr5tgmmhrqojkxoabljxfigjbdwzozomnlzkvzmi.ipfs.nftstorage.link/3239.png?ext=png,-19.571047
323,22.39356,42.12,Trippin' Ape Tribe #2092,2430,5,https://bafybeifupha6myessyv5soxe3wwukpfzqigr236yllce2bahw2cmykftfm.ipfs.nftstorage.link/2092.png?ext=png,-19.726439999999997
265,20.197641,40.0,Trippin' Ape Tribe #854,2789,6,https://bafybeidhundcxfvfpn2kngwts5dkaygo663kccudnn3upgr43bw5t2bzya.ipfs.nftstorage.link/854.png?ext=png,-19.802359
307,20.190245,40.0,Trippin' Ape Tribe #2493,5974,5,https://bafybeigq5jwbonbhfjhplvolbhj6swb3w7u3au4r35vehmzft3fex4zxby.ipfs.nftstorage.link/2493.png?ext=png,-19.809755
223,23.993471,44.0,Trippin' Ape Tribe #6068,2466,6,https://bafybeibhgmrosdz3uoisrtu3s6zt6uxvvht3yaec72urvejpr6zhsgo4jq.ipfs.nftstorage.link/6068.png?ext=png,-20.006529
104,19.88435,40.0,Trippin' Ape Tribe #688,4760,6,https://bafybeif76hkvz7imwq4friigqqhefp364l5v7dev7r7kjcdmdnby5udfie.ipfs.nftstorage.link/688.png?ext=png,-20.11565
106,19.788157,40.0,Trippin' Ape Tribe #4311,7980,6,https://bafybeiezs2gdcqb5z7ann3jdxxlpb57fft5yspsi3rczrnkysoo4ng4sdi.ipfs.nftstorage.link/4311.png?ext=png,-20.211843
258,19.694538,40.0,Trippin' Ape Tribe #8385,3175,6,https://bafybeift6skk2kekhavof3tps6brdra4utxpfm4x2kcrkbh2w27pkbiiii.ipfs.nftstorage.link/8385.png?ext=png,-20.305462
245,34.591167,55.0,Trippin' Ape Tribe #6910,502,6,https://bafybeiabdhbywmjjcwfbsvzo43zpw7aeafzn4hts7ec3uie3bqw4czqs3e.ipfs.nftstorage.link/6910.png?ext=png,-20.408833
348,17.517262,38.0,Trippin' Ape Tribe #7875,6398,6,https://bafybeihhqcdesezks4gqalfmvihpa3hbne5ltx2qvhuga3xaqo7ypeuwli.ipfs.nftstorage.link/7875.png?ext=png,-20.482738
18,24.470995,45.0,Trippin' Ape Tribe #646,4229,6,https://bafybeieao2o5zlgaos2l76xfdcrwjjoqvkzfuh4cgkcaedfgcd6jk6ehia.ipfs.nftstorage.link/646.png?ext=png,-20.529005
287,19.28356,39.88,Trippin' Ape Tribe #2003,7869,6,https://bafybeigsdmkastt7ax33jwg6tj6m6yv7xspfsblvmwrrhdzufy55j2yzs4.ipfs.nftstorage.link/2003.png?ext=png,-20.59644
37,44.292976,65.0,Trippin' Ape Tribe #5775,110,6,https://bafybeiauhxudp7ds77jczlvkluiuwu2cjve3qbgnohydwgz32belhlamiu.ipfs.nftstorage.link/5775.png?ext=png,-20.707023999999997
169,18.975187,39.69,Trippin' Ape Tribe #7236,5193,6,https://bafybeigpfyqpuyhaiu43zhut3toh766nnuxxo47xd5mchjmruiv2bzcdye.ipfs.nftstorage.link/7236.png?ext=png,-20.714813
316,27.130768,48.0,Trippin' Ape Tribe #8088,2997,6,https://bafybeifdtim673vsklzfaddtjwfx7at7hdernrpu2sayzawe7q6cqpslfa.ipfs.nftstorage.link/8088.png?ext=png,-20.869232
107,19.1079,40.0,Trippin' Ape Tribe #6449,3954,6,https://bafybeif7whjovqegwkzwubzgevmqeyfombb357kynz3yrso4vo3wr3h2bq.ipfs.nftstorage.link/6449.png?ext=png,-20.8921
87,17.865393,38.9,Trippin' Ape Tribe #3218,7701,6,https://bafybeiax62ij5ea3dymr5tgmmhrqojkxoabljxfigjbdwzozomnlzkvzmi.ipfs.nftstorage.link/3218.png?ext=png,-21.034606999999998
65,18.892027,40.0,Trippin' Ape Tribe #9527,9974,6,https://bafybeihvqpqdfeobpfs4mxjx6x762rt7ruo35o6jqz5wbbs2sb6sfren5a.ipfs.nftstorage.link/9527.png?ext=png,-21.107973
270,28.799377,50.0,Trippin' Ape Tribe #2028,1346,6,https://bafybeicw4z3x6hqhlysdqrl72wmqdejsciqpwty4jwxjilzouwzwcw52je.ipfs.nftstorage.link/2028.png?ext=png,-21.200623
136,20.5938,42.0,Trippin' Ape Tribe #8134,6208,6,https://bafybeigtmideo3ucv44mthawld5vcfflmsy7jhvouus7dnfyoug3qxymia.ipfs.nftstorage.link/8134.png?ext=png,-21.4062
449,18.333002,40.0,Trippin' Ape Tribe #5137,5794,6,https://bafybeiayrjqbfclppyi2wjlb56umsxbitmuftx633diorpr6cdfypdprmq.ipfs.nftstorage.link/5137.png?ext=png,-21.666998
171,18.123121,40.0,Trippin' Ape Tribe #6713,7182,6,https://bafybeifbs3qykzsu2qmbst2r2sva2fzmxhsixkvclffkq53a3kaznekymi.ipfs.nftstorage.link/6713.png?ext=png,-21.876879
210,22.96921,44.99,Trippin' Ape Tribe #6048,1196,6,https://bafybeiczfswx4rblowsvyt6xgswvb2ocobbecjmpeszz66j244k2sx6bvu.ipfs.nftstorage.link/6048.png?ext=png,-22.02079
341,32.953075,55.0,Trippin' Ape Tribe #7096,792,6,https://bafybeiboo3vznq2ltp2rdtqsdbw2afuxqfcsayk33t7ssp6c4rt4sajhcy.ipfs.nftstorage.link/7096.png?ext=png,-22.046925
12,26.717714,48.99,Trippin' Ape Tribe #6144,536,6,https://bafybeifptrcrnvusuyn2y775gglu7h5icqsxpclv7bls74bv2orfjupkra.ipfs.nftstorage.link/6144.png?ext=png,-22.272286
2,34.5812,57.0,Trippin' Ape Tribe #5212,551,6,https://bafybeig6u5afsychkipdckkh6juxhfqvt3o5czbkp7id3eikglbghtfc4q.ipfs.nftstorage.link/5212.png?ext=png,-22.418799999999997
362,20.392834,42.89,Trippin' Ape Tribe #1595,6093,6,https://bafybeidb2dqbfecvua7ufavbjgyyfessio7p23c4uvqoaf7z4ukb6wnepq.ipfs.nftstorage.link/1595.png?ext=png,-22.497166
272,22.501087,45.0,Trippin' Ape Tribe #747,1783,6,https://bafybeia46il4jvv3pis7zp2wwyygzmmkojerurnkxvfd3syj7kj7w2b37i.ipfs.nftstorage.link/747.png?ext=png,-22.498913
345,24.99172,48.0,Trippin' Ape Tribe #576,1659,6,https://bafybeibfm3kte223zqgx43bibgk4ogtvhw7zfjsgqefbbyzuzs5quu3toq.ipfs.nftstorage.link/576.png?ext=png,-23.00828
458,26.984247,50.0,Trippin' Ape Tribe #4024,2363,6,https://bafybeibewlbtbvhsl565z25xreg7pgzpbhodevfr2hnqwuybrbdooqwfhu.ipfs.nftstorage.link/4024.png?ext=png,-23.015753
291,26.81508,50.0,Trippin' Ape Tribe #1447,2352,6,https://bafybeibgbmq4h64f7l3dodpzbgoudwejhbyer3txjpsqse27jy5e34ah4q.ipfs.nftstorage.link/1447.png?ext=png,-23.18492
354,18.975168,42.404,Trippin' Ape Tribe #4105,7506,6,https://bafybeigua6fb3xi6npkklws46jpecwyyg3nvgliv6xbs77ji4aepj3lyuy.ipfs.nftstorage.link/4105.png?ext=png,-23.428832000000003
201,18.454731,41.9,Trippin' Ape Tribe #2068,6716,6,https://bafybeic4nzc7x7gram3cwbrzqyrc7zaczih43c6gxrms3y2al63dy57umq.ipfs.nftstorage.link/2068.png?ext=png,-23.445269
422,24.009169,47.5,Trippin' Ape Tribe #361,2036,5,https://bafybeih5aekddwc7tls2sxdzxxab3g7ghyaskeh3ctmseddv253rgrcblu.ipfs.nftstorage.link/361.png?ext=png,-23.490831
148,31.378344,55.0,Trippin' Ape Tribe #6533,488,6,https://bafybeihlfalspvrvvr7zvuxluuwnesznjxf4wxucn3zor2gqd4vlxh5rxu.ipfs.nftstorage.link/6533.png?ext=png,-23.621656
358,18.894968,42.69,Trippin' Ape Tribe #9235,9324,5,https://bafybeifqh5fpg4s7p5zm2odfudcgocvwcs6k3lzbfrmtojvjsrw5g253cm.ipfs.nftstorage.link/9235.png?ext=png,-23.795032
363,20.974936,45.0,Trippin' Ape Tribe #1822,2601,6,https://bafybeihrbxc75vggayo4vdjp2yg7lut4nr7vn5qa6clbuefei3v6fqo2eu.ipfs.nftstorage.link/1822.png?ext=png,-24.025064
278,18.519,42.69,Trippin' Ape Tribe #98,4644,6,https://bafybeihkl7oglt32j2r7fr4wi4uqgve2wj2hlcjh6hu3zpdm3qiet3hmf4.ipfs.nftstorage.link/98.png?ext=png,-24.171
218,20.57109,45.0,Trippin' Ape Tribe #8544,3502,6,https://bafybeicjkbqmb2veyv5ldx2tokwru4xc5vnj3un2u3wnxiy4wuiq5rat4q.ipfs.nftstorage.link/8544.png?ext=png,-24.42891
365,18.185314,42.85,Trippin' Ape Tribe #7991,6729,6,https://bafybeic5lhnsr6mmfdiusgb6apcd2ws3mu5ccbstojtxtcpzrkxk75hska.ipfs.nftstorage.link/7991.png?ext=png,-24.664686
273,44.303284,69.0,Trippin' Ape Tribe #4104,176,6,https://bafybeigua6fb3xi6npkklws46jpecwyyg3nvgliv6xbs77ji4aepj3lyuy.ipfs.nftstorage.link/4104.png?ext=png,-24.696716000000002
468,25.010733,50.0,Trippin' Ape Tribe #6878,974,6,https://bafybeiehwl4duqy3c2ldzvty7my5ndkou2ce7kn7tbcilwtxzltv742p2q.ipfs.nftstorage.link/6878.png?ext=png,-24.989267
202,19.871695,45.0,Trippin' Ape Tribe #776,4721,6,https://bafybeigdz24ysc76rdk23vels7ziqhvc6rnkyr7deiwoeho4cf46cv33sm.ipfs.nftstorage.link/776.png?ext=png,-25.128305
329,18.678326,44.0,Trippin' Ape Tribe #7490,4799,6,https://bafybeig3mxd7ex6wodqw5i6ourbry6s3knwg2uenpuuolnjoijeaulzoya.ipfs.nftstorage.link/7490.png?ext=png,-25.321674
297,39.671535,65.0,Trippin' Ape Tribe #2533,1403,6,https://bafybeih6kfww2ofiygglivz255b3n7wbllt6p5oxj5basv5xrxefkbx7gq.ipfs.nftstorage.link/2533.png?ext=png,-25.328465
229,21.057074,46.89,Trippin' Ape Tribe #6927,2150,6,https://bafybeiabdhbywmjjcwfbsvzo43zpw7aeafzn4hts7ec3uie3bqw4czqs3e.ipfs.nftstorage.link/6927.png?ext=png,-25.832926
178,18.492062,45.0,Trippin' Ape Tribe #3924,5154,6,https://bafybeidyev2627fxnme5dudwvi2iw4tfbhtfnwse4kbbslow5344qkk724.ipfs.nftstorage.link/3924.png?ext=png,-26.507938
222,17.444283,44.0,Trippin' Ape Tribe #6361,9064,6,https://bafybeidrshlkvxkjg6matrpgmsfwogcd3vav2zex5uxpuoqhyfcljartr4.ipfs.nftstorage.link/6361.png?ext=png,-26.555717
221,23.405376,50.0,Trippin' Ape Tribe #7788,2457,6,https://bafybeibab5jokwp5dlc56f6rl3hxaqn65etjyyst5gbdojqpfvfw4uzw7i.ipfs.nftstorage.link/7788.png?ext=png,-26.594624
364,18.301035,45.0,Trippin' Ape Tribe #4296,8394,5,https://bafybeiezs2gdcqb5z7ann3jdxxlpb57fft5yspsi3rczrnkysoo4ng4sdi.ipfs.nftstorage.link/4296.png?ext=png,-26.698965
90,18.10909,44.94,Trippin' Ape Tribe #9157,6675,6,https://bafybeibaruazmbwjskknkmswe6s5inbzq7diwrbg7ueiowwwvetozsviqm.ipfs.nftstorage.link/9157.png?ext=png,-26.83091
304,18.159937,45.0,Trippin' Ape Tribe #3533,8589,6,https://bafybeihe2h25ai4rcu6nrykb4ym24l6nbi6e5vdpkur2fl3lzaa3jjsq3i.ipfs.nftstorage.link/3533.png?ext=png,-26.840063
373,28.071758,55.0,Trippin' Ape Tribe #6521,901,6,https://bafybeihlfalspvrvvr7zvuxluuwnesznjxf4wxucn3zor2gqd4vlxh5rxu.ipfs.nftstorage.link/6521.png?ext=png,-26.928242
257,23.005156,50.0,Trippin' Ape Tribe #2978,2763,6,https://bafybeidivzvwo6oe7ez4hj55y67vw5zv4kf526bsa7dgrqx3marbxtnliq.ipfs.nftstorage.link/2978.png?ext=png,-26.994844
325,17.928196,45.0,Trippin' Ape Tribe #8602,6884,6,https://bafybeidvn4pfapznxek6ynxjohujpuuopr7rgomjle5phbs4g4ln24u5ii.ipfs.nftstorage.link/8602.png?ext=png,-27.071804
252,21.832893,49.0,Trippin' Ape Tribe #3989,2536,6,https://bafybeid3lnf6vz357zfsyquw477yvmpvm46r5v57qltne35nseqlhaavoi.ipfs.nftstorage.link/3989.png?ext=png,-27.167107
357,21.380474,48.9,Trippin' Ape Tribe #255,1260,6,https://bafybeiefjbfij3mlimrge3o4cgg6wqtghrlx5n3nctsj2jrkt63ieceusu.ipfs.nftstorage.link/255.png?ext=png,-27.519526
396,22.183771,50.0,Trippin' Ape Tribe #2032,3201,6,https://bafybeicw4z3x6hqhlysdqrl72wmqdejsciqpwty4jwxjilzouwzwcw52je.ipfs.nftstorage.link/2032.png?ext=png,-27.816229
74,41.159973,69.0,Trippin' Ape Tribe #7106,236,6,https://bafybeiboo3vznq2ltp2rdtqsdbw2afuxqfcsayk33t7ssp6c4rt4sajhcy.ipfs.nftstorage.link/7106.png?ext=png,-27.840027
483,21.989388,50.0,Trippin' Ape Tribe #4851,1925,5,https://bafybeidowl7bx6cgrbzoaxkjm3phn4c7n26rlehzovtkyqvdl4twcv5qrm.ipfs.nftstorage.link/4851.png?ext=png,-28.010612
175,17.97142,46.0,Trippin' Ape Tribe #2064,9091,6,https://bafybeic4nzc7x7gram3cwbrzqyrc7zaczih43c6gxrms3y2al63dy57umq.ipfs.nftstorage.link/2064.png?ext=png,-28.02858
193,19.704865,48.0,Trippin' Ape Tribe #8208,2856,6,https://bafybeib2vofcbtryjmbqpkfkffhoeto6vmc2o56l5u3izn43ghxsd5md4e.ipfs.nftstorage.link/8208.png?ext=png,-28.295135
330,19.689968,48.0,Trippin' Ape Tribe #6524,5549,6,https://bafybeihlfalspvrvvr7zvuxluuwnesznjxf4wxucn3zor2gqd4vlxh5rxu.ipfs.nftstorage.link/6524.png?ext=png,-28.310032
49,21.293112,50.0,Trippin' Ape Tribe #1112,7179,6,https://bafybeieyazjdey34szmz7c4bqf3mgfp7dun6wkbzhg4lomcwx3s5izo7gi.ipfs.nftstorage.link/1112.png?ext=png,-28.706888
360,18.242426,47.0,Trippin' Ape Tribe #7696,6453,6,https://bafybeiatnncduwhx2v3pg6ndpk26g26gzvlo6knnogriqp5cjscdyppqou.ipfs.nftstorage.link/7696.png?ext=png,-28.757574
251,17.834667,47.0,Trippin' Ape Tribe #7002,6381,6,https://bafybeiaau36mi3ldl7w2ohtgzh555jarpswmr3fnd6zif56rxzmvoucd2u.ipfs.nftstorage.link/7002.png?ext=png,-29.165333
68,69.17685,99.0,Trippin' Ape Tribe #8895,92,6,https://bafybeiapbx5xvrj5yidda5chvfl3psg3jjxsasjz6dturwla3juqu67stq.ipfs.nftstorage.link/8895.png?ext=png,-29.82315
50,20.117878,50.0,Trippin' Ape Tribe #6842,2625,6,https://bafybeiebtkwdnacd4gkjhmqvcxqozvimjrxum6ckxxr4moewqr55tef77a.ipfs.nftstorage.link/6842.png?ext=png,-29.882122
475,20.110723,50.0,Trippin' Ape Tribe #169,6552,6,https://bafybeiagosvaax3b2u5tvoqruu2b5plgwtlppubg424lmjkbhwygqknokm.ipfs.nftstorage.link/169.png?ext=png,-29.889277
161,25.104452,55.0,Trippin' Ape Tribe #6889,578,6,https://bafybeiehwl4duqy3c2ldzvty7my5ndkou2ce7kn7tbcilwtxzltv742p2q.ipfs.nftstorage.link/6889.png?ext=png,-29.895548
492,19.706993,49.89,Trippin' Ape Tribe #4819,5277,6,https://bafybeig5otyla2t4qnpsemfg3hxqqfxg4hzolxq274wirv5gdmonrra45q.ipfs.nftstorage.link/4819.png?ext=png,-30.183007
353,35.567806,66.0,Trippin' Ape Tribe #1286,909,6,https://bafybeiguvhsni5fcxjnkb6ax34twzgpesgmr2n2ve77r5v4njws5ojk4cm.ipfs.nftstorage.link/1286.png?ext=png,-30.432194000000003
131,19.50327,50.0,Trippin' Ape Tribe #4284,3510,6,https://bafybeicmpyea7rqrwgusmmk6wcna2yo2ax5ga4y25fxq4nr6j4a6fmgnzy.ipfs.nftstorage.link/4284.png?ext=png,-30.49673
328,17.968939,48.48,Trippin' Ape Tribe #3898,5754,6,https://bafybeiagrj64mckvzuxaxgcddsnahatkpoiaf5fcs7sw25zou44nbcogkm.ipfs.nftstorage.link/3898.png?ext=png,-30.511060999999998
20,29.17656,60.0,Trippin' Ape Tribe #1343,1110,6,https://bafybeicqjoeqc33qy3qtyejzrhyo3vtgevdxm3vuv6f24i4mr2lhmxwsja.ipfs.nftstorage.link/1343.png?ext=png,-30.82344
22,18.804382,50.0,Trippin' Ape Tribe #9155,5916,6,https://bafybeibaruazmbwjskknkmswe6s5inbzq7diwrbg7ueiowwwvetozsviqm.ipfs.nftstorage.link/9155.png?ext=png,-31.195618
4,35.163166,66.66,Trippin' Ape Tribe #2928,407,6,https://bafybeigmizhelt3oidghqj5q4cw3z55egy35yb7nhxcqqhx7ygzdmvpm7a.ipfs.nftstorage.link/2928.png?ext=png,-31.496834
344,18.087198,49.59,Trippin' Ape Tribe #9154,9634,6,https://bafybeibaruazmbwjskknkmswe6s5inbzq7diwrbg7ueiowwwvetozsviqm.ipfs.nftstorage.link/9154.png?ext=png,-31.502802000000003
205,17.872599,49.49,Trippin' Ape Tribe #6399,8587,6,https://bafybeiamg7ozqwqdg3frrh2oeiwwholpyiqeb5rguv3koicj7p3e4eutyu.ipfs.nftstorage.link/6399.png?ext=png,-31.617401
314,17.933512,50.0,Trippin' Ape Tribe #400,9832,6,https://bafybeiduwe6kdezpr4ya7xkxzopcho7gs6wlmy7x23scv6wgcixptjs374.ipfs.nftstorage.link/400.png?ext=png,-32.066488
308,22.908495,55.0,Trippin' Ape Tribe #607,1117,6,https://bafybeiehyj7jn4ri55r2chmntemmn66oxi24p4vgz6lexjfy2hy6jd2i7a.ipfs.nftstorage.link/607.png?ext=png,-32.091505
69,27.594425,60.0,Trippin' Ape Tribe #2688,810,6,https://bafybeigfycz2qcrbb2dyzixh7fpy34mf6odx7sf4gmk3nw5vo2d3odulbq.ipfs.nftstorage.link/2688.png?ext=png,-32.405575
403,36.958584,70.0,Trippin' Ape Tribe #4100,1341,6,https://bafybeigua6fb3xi6npkklws46jpecwyyg3nvgliv6xbs77ji4aepj3lyuy.ipfs.nftstorage.link/4100.png?ext=png,-33.041416
212,21.299658,55.0,Trippin' Ape Tribe #7023,6933,6,https://bafybeifgpxsqbatjf4qfixckkbeuo6pdbzcdtzul53mff3nvzqvkhln37a.ipfs.nftstorage.link/7023.png?ext=png,-33.700342
387,18.633665,52.5,Trippin' Ape Tribe #3706,7729,6,https://bafybeie4kfwrejuidw5qccnvwpbjlxgm4j4juvv35wvbvenz7c3pakwque.ipfs.nftstorage.link/3706.png?ext=png,-33.866335
144,32.622463,66.66,Trippin' Ape Tribe #1975,980,6,https://bafybeiaapdlfbqbht27ub4oyvcgax5a6qxvqzghzl4cto4usyk42kyt4am.ipfs.nftstorage.link/1975.png?ext=png,-34.03753699999999
311,21.385485,56.0,Trippin' Ape Tribe #8040,3715,6,https://bafybeibtenkemyon245lshheczjusiiy56g6xgil62wsy5m6qvmqkhddti.ipfs.nftstorage.link/8040.png?ext=png,-34.614515
220,35.36127,70.0,Trippin' Ape Tribe #1901,471,6,https://bafybeib6yfuvajdet332sc5borfgrs2vamli5wq63sry26ofwonqhqmrei.ipfs.nftstorage.link/1901.png?ext=png,-34.63873
269,21.867928,57.0,Trippin' Ape Tribe #4645,7098,6,https://bafybeiajm7okhvoiymt6bknqh6fmxzylanotwbryxzggi3wpj3xrrptspi.ipfs.nftstorage.link/4645.png?ext=png,-35.132072
225,33.004307,69.0,Trippin' Ape Tribe #4833,209,6,https://bafybeidowl7bx6cgrbzoaxkjm3phn4c7n26rlehzovtkyqvdl4twcv5qrm.ipfs.nftstorage.link/4833.png?ext=png,-35.995693
376,18.77219,55.0,Trippin' Ape Tribe #8413,1994,6,https://bafybeies2umahiq4w7bozochyzkbxvs5pbgnbkabnvndlarpwocdeqigeu.ipfs.nftstorage.link/8413.png?ext=png,-36.227810000000005
493,18.580603,55.0,Trippin' Ape Tribe #7685,6323,6,https://bafybeiatnncduwhx2v3pg6ndpk26g26gzvlo6knnogriqp5cjscdyppqou.ipfs.nftstorage.link/7685.png?ext=png,-36.419397000000004
337,19.748158,57.0,Trippin' Ape Tribe #3164,3250,6,https://bafybeievpzq2yo6h7ur7yae2civh566snu75qxdpukacbpwbzl5tulw4wa.ipfs.nftstorage.link/3164.png?ext=png,-37.251841999999996
147,29.632494,67.0,Trippin' Ape Tribe #492,626,6,https://bafybeib3zabc774xe554jx4u2fawyzunf2et6acscownaoo25krnqju3pq.ipfs.nftstorage.link/492.png?ext=png,-37.367506
338,20.830812,59.0,Trippin' Ape Tribe #4245,3923,6,https://bafybeifje5txkakj236lvwfdhp7qyr33ubolqpuremoz26wwxuhlgflh2m.ipfs.nftstorage.link/4245.png?ext=png,-38.169188
378,18.428125,56.69,Trippin' Ape Tribe #4093,2711,6,https://bafybeigua6fb3xi6npkklws46jpecwyyg3nvgliv6xbs77ji4aepj3lyuy.ipfs.nftstorage.link/4093.png?ext=png,-38.261874999999996
370,18.40887,57.0,Trippin' Ape Tribe #7079,7825,6,https://bafybeihukg63dsqklv4aqyvqtcluhdbvvl65wbjmsm5vtfpo3xuo7ymxaa.ipfs.nftstorage.link/7079.png?ext=png,-38.59113
288,18.162422,57.0,Trippin' Ape Tribe #6880,8416,6,https://bafybeiehwl4duqy3c2ldzvty7my5ndkou2ce7kn7tbcilwtxzltv742p2q.ipfs.nftstorage.link/6880.png?ext=png,-38.837578
190,20.142462,60.0,Trippin' Ape Tribe #2496,2212,6,https://bafybeigq5jwbonbhfjhplvolbhj6swb3w7u3au4r35vehmzft3fex4zxby.ipfs.nftstorage.link/2496.png?ext=png,-39.857538000000005
327,19.73298,60.0,Trippin' Ape Tribe #7781,2425,6,https://bafybeibab5jokwp5dlc56f6rl3hxaqn65etjyyst5gbdojqpfvfw4uzw7i.ipfs.nftstorage.link/7781.png?ext=png,-40.26702
262,19.399813,60.0,Trippin' Ape Tribe #5359,3432,6,https://bafybeihxqz5nwhuotvv36n6quhhmbvrruvopsxwm5gr5jeqxpovq4xte3u.ipfs.nftstorage.link/5359.png?ext=png,-40.600187
309,19.29635,60.0,Trippin' Ape Tribe #2519,7462,6,https://bafybeigq5jwbonbhfjhplvolbhj6swb3w7u3au4r35vehmzft3fex4zxby.ipfs.nftstorage.link/2519.png?ext=png,-40.703649999999996
111,18.473515,59.42069,Trippin' Ape Tribe #6480,5568,6,https://bafybeie5n7teyeikrhbv7q2pg5jp3em6sgc5bglt4ogaxctatyd5dz6tgm.ipfs.nftstorage.link/6480.png?ext=png,-40.947175
424,18.319633,60.0,Trippin' Ape Tribe #3251,7236,6,https://bafybeibmte44k7tnnrgbymrexnytyfx6s6owxq2otrqtkh6risthdoxbry.ipfs.nftstorage.link/3251.png?ext=png,-41.680367000000004
289,17.987204,60.0,Trippin' Ape Tribe #2612,9145,6,https://bafybeicxlkcft57cbqd4n47vletxegufkvr7dtwj4tyjfhv7iolwg7agmi.ipfs.nftstorage.link/2612.png?ext=png,-42.012796
295,22.976059,65.0,Trippin' Ape Tribe #846,3713,6,https://bafybeidhundcxfvfpn2kngwts5dkaygo663kccudnn3upgr43bw5t2bzya.ipfs.nftstorage.link/846.png?ext=png,-42.023941
70,27.551739,70.0,Trippin' Ape Tribe #4997,972,6,https://bafybeiatnlg43l3ogo2sxrfvwmtulvwpu3e6c226yishiycttblkfhkgqu.ipfs.nftstorage.link/4997.png?ext=png,-42.448261
298,18.42519,61.0,Trippin' Ape Tribe #7822,6841,6,https://bafybeicvinsektnbshnfpgjaz3vn2uyp6mwpmdnqbua2jytbuiuowwmbbm.ipfs.nftstorage.link/7822.png?ext=png,-42.57481
355,26.11991,69.69,Trippin' Ape Tribe #8904,6187,4,https://bafybeiapbx5xvrj5yidda5chvfl3psg3jjxsasjz6dturwla3juqu67stq.ipfs.nftstorage.link/8904.png?ext=png,-43.57008999999999
350,25.20856,69.0,Trippin' Ape Tribe #3038,2614,6,https://bafybeihl526jdac7xsohcmaasvvjeqnf7evvoznemutiwcts36wr2vusma.ipfs.nftstorage.link/3038.png?ext=png,-43.79144
421,25.777966,69.69,Trippin' Ape Tribe #8173,2794,5,https://bafybeia2yg4nchlxoqmwupifrvljdy7caxw5234bfcddalq5wzy4zpzu3e.ipfs.nftstorage.link/8173.png?ext=png,-43.912034
260,23.557102,68.0,Trippin' Ape Tribe #3936,964,6,https://bafybeicd7q7vr5vft6aac2glyza57c75wqfiwakfhzc7vpg67i4z3igzwu.ipfs.nftstorage.link/3936.png?ext=png,-44.442898
234,17.75215,63.0,Trippin' Ape Tribe #4589,7253,6,https://bafybeidhnhsnc2s4tlhhfcdlbexboy62xm4uu2cqav5uxuayqudjaos2z4.ipfs.nftstorage.link/4589.png?ext=png,-45.24785
271,23.16273,69.69,Trippin' Ape Tribe #4147,4578,6,https://bafybeibsfnsfhqmt3jxhaqzdvrqrjhxro2mot2xoc6ouxfuxv2deevlmtq.ipfs.nftstorage.link/4147.png?ext=png,-46.52727
352,18.355484,65.0,Trippin' Ape Tribe #2973,9779,6,https://bafybeidivzvwo6oe7ez4hj55y67vw5zv4kf526bsa7dgrqx3marbxtnliq.ipfs.nftstorage.link/2973.png?ext=png,-46.644515999999996
250,28.291573,75.0,Trippin' Ape Tribe #7921,486,6,https://bafybeifqqfy5dkhv7omdy7jqmi5r4qdvilxwl4nmext7psx2ioni3qhr3q.ipfs.nftstorage.link/7921.png?ext=png,-46.708427
216,22.748215,69.69,Trippin' Ape Tribe #8077,2336,6,https://bafybeifdtim673vsklzfaddtjwfx7at7hdernrpu2sayzawe7q6cqpslfa.ipfs.nftstorage.link/8077.png?ext=png,-46.941784999999996
198,19.686226,68.0,Trippin' Ape Tribe #3712,7264,6,https://bafybeie4kfwrejuidw5qccnvwpbjlxgm4j4juvv35wvbvenz7c3pakwque.ipfs.nftstorage.link/3712.png?ext=png,-48.313773999999995
395,30.586548,79.0,Trippin' Ape Tribe #2788,1381,6,https://bafybeietr7ubex4zkmsee7jlqeee22wwix7riuyw7gbma3jatcbknr6pfu.ipfs.nftstorage.link/2788.png?ext=png,-48.413452
433,19.49026,68.0,Trippin' Ape Tribe #3357,5493,6,https://bafybeib5cwser3sr2e2nxjflzrgees5jibieszvchswdp3mvi4honcncwi.ipfs.nftstorage.link/3357.png?ext=png,-48.50974
33,20.480124,69.0,Trippin' Ape Tribe #3446,6452,6,https://bafybeidelxpp7anbxj6mnfq5xbb6wpresxcxtjw5trn7kuryliy7fi4j2y.ipfs.nftstorage.link/3446.png?ext=png,-48.519876
391,19.314861,68.0,Trippin' Ape Tribe #5223,7579,6,https://bafybeigdd75bfm4mmmpzcvbvvxo4e4r2tm6sl2abyh52d3fb7zi3pop75m.ipfs.nftstorage.link/5223.png?ext=png,-48.685139
414,20.108385,69.0,Trippin' Ape Tribe #1271,2921,6,https://bafybeiguvhsni5fcxjnkb6ax34twzgpesgmr2n2ve77r5v4njws5ojk4cm.ipfs.nftstorage.link/1271.png?ext=png,-48.891615
244,19.542482,69.0,Trippin' Ape Tribe #986,5183,6,https://bafybeid5rcu6yk3gpo7rzggzntebjtbjqxt3unwpxl24plzea6pnvh3dmu.ipfs.nftstorage.link/986.png?ext=png,-49.457518
440,18.91183,69.0,Trippin' Ape Tribe #5309,5111,6,https://bafybeieo7iwvewxmi2mpgvwi4syluppzc4a2ra3yuonrvwxaxchrrktp6i.ipfs.nftstorage.link/5309.png?ext=png,-50.088170000000005
443,17.684172,68.0,Trippin' Ape Tribe #1162,7644,6,https://bafybeifkxra7cklqlushpuxt4ktlwlln2ylwmpqahx226fus6e5js6hf6i.ipfs.nftstorage.link/1162.png?ext=png,-50.315827999999996
379,18.995556,70.0,Trippin' Ape Tribe #1871,7925,6,https://bafybeihikag56e3klxrigunbm5hgx3qhk4o6nt6jsgacc5nfjtnyvpt5uu.ipfs.nftstorage.link/1871.png?ext=png,-51.004444
280,17.826982,69.0,Trippin' Ape Tribe #7275,7743,6,https://bafybeifx5ghnpkx7s32xziixiteofygvdsjuedztsmxty3p6hfwfh3aeua.ipfs.nftstorage.link/7275.png?ext=png,-51.173018
324,28.687578,80.0,Trippin' Ape Tribe #5313,585,6,https://bafybeie6nzuzkgq7elgqge5kv4gl7bobrg3ct2ml772pz4tgnct23wizc4.ipfs.nftstorage.link/5313.png?ext=png,-51.312422
453,18.574966,70.0,Trippin' Ape Tribe #613,9762,6,https://bafybeiehyj7jn4ri55r2chmntemmn66oxi24p4vgz6lexjfy2hy6jd2i7a.ipfs.nftstorage.link/613.png?ext=png,-51.425034
375,18.056778,69.69,Trippin' Ape Tribe #320,8056,6,https://bafybeiaezgys6hdz5qfjgqzpbmioswfxytotxavgwfjn4k6upizq4ipime.ipfs.nftstorage.link/320.png?ext=png,-51.633221999999996
301,23.21338,75.0,Trippin' Ape Tribe #5156,5308,6,https://bafybeiayrjqbfclppyi2wjlb56umsxbitmuftx633diorpr6cdfypdprmq.ipfs.nftstorage.link/5156.png?ext=png,-51.78662
368,18.03469,70.0,Trippin' Ape Tribe #5146,5152,6,https://bafybeiayrjqbfclppyi2wjlb56umsxbitmuftx633diorpr6cdfypdprmq.ipfs.nftstorage.link/5146.png?ext=png,-51.96531
32,35.839127,88.0,Trippin' Ape Tribe #2539,501,5,https://bafybeih6kfww2ofiygglivz255b3n7wbllt6p5oxj5basv5xrxefkbx7gq.ipfs.nftstorage.link/2539.png?ext=png,-52.160873
333,27.608328,80.0,Trippin' Ape Tribe #3220,805,6,https://bafybeiax62ij5ea3dymr5tgmmhrqojkxoabljxfigjbdwzozomnlzkvzmi.ipfs.nftstorage.link/3220.png?ext=png,-52.391672
420,17.325628,70.0,Trippin' Ape Tribe #286,6835,6,https://bafybeidndzgrterwd36efevpyjs55a3d5oakh4szpjsjegprvxbylohsoa.ipfs.nftstorage.link/286.png?ext=png,-52.674372000000005
437,18.181402,72.0,Trippin' Ape Tribe #2359,8896,6,https://bafybeib6lnbxpkkcehy54c5wdyoqlcqnws46ogktyju4nsvgy4aiploq2q.ipfs.nftstorage.link/2359.png?ext=png,-53.818598
366,19.668043,75.0,Trippin' Ape Tribe #5374,6359,5,https://bafybeigvi4dmh6uiziktqwaaxch5a7bjcaho74fatzvffuqbyb2lwqr2ze.ipfs.nftstorage.link/5374.png?ext=png,-55.331957
369,21.310616,77.0,Trippin' Ape Tribe #1998,3856,6,https://bafybeigsdmkastt7ax33jwg6tj6m6yv7xspfsblvmwrrhdzufy55j2yzs4.ipfs.nftstorage.link/1998.png?ext=png,-55.689384000000004
184,29.086609,85.0,Trippin' Ape Tribe #3320,2368,6,https://bafybeihf7xq37fa2cjv3zdskwg6r7265la7da5gg4ymmugwwpehplu3lia.ipfs.nftstorage.link/3320.png?ext=png,-55.913391000000004
367,23.599451,80.0,Trippin' Ape Tribe #6061,1018,6,https://bafybeibhgmrosdz3uoisrtu3s6zt6uxvvht3yaec72urvejpr6zhsgo4jq.ipfs.nftstorage.link/6061.png?ext=png,-56.400549
427,21.954557,79.0,Trippin' Ape Tribe #7015,1800,6,https://bafybeiaau36mi3ldl7w2ohtgzh555jarpswmr3fnd6zif56rxzmvoucd2u.ipfs.nftstorage.link/7015.png?ext=png,-57.045443
130,43.60513,100.69,Trippin' Ape Tribe #6617,133,6,https://bafybeigrjgfg43zquugm3fttqvuu6g46eytuyg5d2ohfc7oj42lbotaqfa.ipfs.nftstorage.link/6617.png?ext=png,-57.084869999999995
445,20.97664,79.0,Trippin' Ape Tribe #3683,2750,6,https://bafybeibc52a2o5w5irfee655brhipl66mc6gkivxkbvqyzotgojtygdjmi.ipfs.nftstorage.link/3683.png?ext=png,-58.02336
154,21.215992,80.0,Trippin' Ape Tribe #5863,2282,6,https://bafybeidvprzh74mxtpky3ngh3ihc53fjdb4s7hv3nz562uzgteev7pcogy.ipfs.nftstorage.link/5863.png?ext=png,-58.784008
141,21.686258,80.69,Trippin' Ape Tribe #7515,1621,6,https://bafybeifpawzi5dk5vdlpcen63hlspeb7763rsi7z7mjbwab6ieduk5gccy.ipfs.nftstorage.link/7515.png?ext=png,-59.003742
430,20.226868,80.0,Trippin' Ape Tribe #6511,4369,5,https://bafybeihlfalspvrvvr7zvuxluuwnesznjxf4wxucn3zor2gqd4vlxh5rxu.ipfs.nftstorage.link/6511.png?ext=png,-59.773132000000004
407,17.962639,78.0,Trippin' Ape Tribe #2328,8427,6,https://bafybeibwxeyq3mvxorg2jj2hlcppl7424oinh3b3r2mhe7sjvx5slt27gm.ipfs.nftstorage.link/2328.png?ext=png,-60.037361000000004
331,38.9515,99.0,Trippin' Ape Tribe #8320,261,6,https://bafybeidccwcfhwcjyptmwac23xmbo5zjavlhr25diqhxrtsqvf33jvw5gq.ipfs.nftstorage.link/8320.png?ext=png,-60.0485
491,17.82905,78.0,Trippin' Ape Tribe #4830,4332,6,https://bafybeidowl7bx6cgrbzoaxkjm3phn4c7n26rlehzovtkyqvdl4twcv5qrm.ipfs.nftstorage.link/4830.png?ext=png,-60.170950000000005
277,39.55387,100.0,Trippin' Ape Tribe #5947,230,6,https://bafybeicusiafq26436xa3thhn7na6bj6czobjeer7kr3lm5uzgziwsdzu4.ipfs.nftstorage.link/5947.png?ext=png,-60.44613
460,19.42192,80.0,Trippin' Ape Tribe #1434,7227,6,https://bafybeiejxcv56mjlmo67wbcoquswq3iiumntdyveu2fotoc6vf5sywro4m.ipfs.nftstorage.link/1434.png?ext=png,-60.57808
235,18.207464,79.0,Trippin' Ape Tribe #8737,4258,6,https://bafybeiemtbwcbp65kwo7uroanj4rl67aavwfw7tpvc5r6xcmatrmovztdq.ipfs.nftstorage.link/8737.png?ext=png,-60.792536
286,19.157173,80.0,Trippin' Ape Tribe #3324,5677,5,https://bafybeihf7xq37fa2cjv3zdskwg6r7265la7da5gg4ymmugwwpehplu3lia.ipfs.nftstorage.link/3324.png?ext=png,-60.842827
399,18.514566,80.0,Trippin' Ape Tribe #9332,9604,6,https://bafybeibtagmh76dybpz665sz3pc7t57n6vgwi7j6inl5tsywpkcrpopeby.ipfs.nftstorage.link/9332.png?ext=png,-61.485434
484,18.131994,80.0,Trippin' Ape Tribe #9904,8966,6,https://bafybeihqiju7ranm26klb2mxhlzneh7pvjz2a5tddv527z2m5aaaxdsrdy.ipfs.nftstorage.link/9904.png?ext=png,-61.868006
394,17.8304,80.0,Trippin' Ape Tribe #7968,6025,6,https://bafybeicwvqkovxaqzfd5lfbaeetmeoqbxup2zqvts57ibf7rk3aroyjh2m.ipfs.nftstorage.link/7968.png?ext=png,-62.1696
419,17.784115,80.0,Trippin' Ape Tribe #9068,9110,6,https://bafybeie5n4sooo6w6rrn3xsntup2bvl7q7nmz5sqrb45m4i4ivzhb5arzq.ipfs.nftstorage.link/9068.png?ext=png,-62.215885
401,22.648188,85.0,Trippin' Ape Tribe #219,1202,6,https://bafybeieb5qyvgioxj346plm3rkajr3kvhnt2eefukdj3sixw7q4h73ni3e.ipfs.nftstorage.link/219.png?ext=png,-62.351811999999995
241,21.439548,84.0,Trippin' Ape Tribe #1191,5966,6,https://bafybeidhumcywhqmw5vqiqwewz5hg3e22h2pof3s3725jbpey5fa6gnxny.ipfs.nftstorage.link/1191.png?ext=png,-62.560452
219,32.42492,95.0,Trippin' Ape Tribe #8951,2641,4,https://bafybeife5bbgyj7xootaol7vqmk35l6kz5jncozchxy44rxcvzlgsvj7n4.ipfs.nftstorage.link/8951.png?ext=png,-62.57508
189,25.284803,88.0,Trippin' Ape Tribe #2853,962,6,https://bafybeig5lkf3ogztvkne4kt75h4fjej3jzslk3semljmpkr6xghl2p76tm.ipfs.nftstorage.link/2853.png?ext=png,-62.715197
450,17.148142,80.0,Trippin' Ape Tribe #9890,9005,5,https://bafybeia42mccfbqyk5vbc5cgtycjflznwcqcuzueky5x66ddmtu5bl4jme.ipfs.nftstorage.link/9890.png?ext=png,-62.851858
397,18.903082,82.0,Trippin' Ape Tribe #2355,6391,6,https://bafybeib6lnbxpkkcehy54c5wdyoqlcqnws46ogktyju4nsvgy4aiploq2q.ipfs.nftstorage.link/2355.png?ext=png,-63.096918
317,21.170607,85.0,Trippin' Ape Tribe #4084,2160,6,https://bafybeigua6fb3xi6npkklws46jpecwyyg3nvgliv6xbs77ji4aepj3lyuy.ipfs.nftstorage.link/4084.png?ext=png,-63.829392999999996
110,35.472538,99.42069,Trippin' Ape Tribe #7573,271,6,https://bafybeifjutfiywbt37e5hzoutt472por3kdnbx5ojj2blzpeqn7kxazirq.ipfs.nftstorage.link/7573.png?ext=png,-63.94815199999999
465,20.23122,84.5,Trippin' Ape Tribe #5203,3143,6,https://bafybeig6u5afsychkipdckkh6juxhfqvt3o5czbkp7id3eikglbghtfc4q.ipfs.nftstorage.link/5203.png?ext=png,-64.26877999999999
371,18.059475,83.0,Trippin' Ape Tribe #3525,8201,6,https://bafybeihe2h25ai4rcu6nrykb4ym24l6nbi6e5vdpkur2fl3lzaa3jjsq3i.ipfs.nftstorage.link/3525.png?ext=png,-64.94052500000001
8,22.342468,88.0,Trippin' Ape Tribe #6805,1482,6,https://bafybeie56kg6fetmec2lzblo3zvfh77bgcbw4ij5ytc4awbvy46wfefmqi.ipfs.nftstorage.link/6805.png?ext=png,-65.657532
305,19.064114,84.9,Trippin' Ape Tribe #2536,6979,6,https://bafybeih6kfww2ofiygglivz255b3n7wbllt6p5oxj5basv5xrxefkbx7gq.ipfs.nftstorage.link/2536.png?ext=png,-65.835886
446,18.878632,85.0,Trippin' Ape Tribe #9464,7933,6,https://bafybeiantuvkznrlrhfnvjzkvn77inemjn6kkz6e4yzu23pwmpbieebl44.ipfs.nftstorage.link/9464.png?ext=png,-66.121368
480,17.762604,84.0,Trippin' Ape Tribe #1903,6909,6,https://bafybeib6yfuvajdet332sc5borfgrs2vamli5wq63sry26ofwonqhqmrei.ipfs.nftstorage.link/1903.png?ext=png,-66.237396
478,18.643517,85.0,Trippin' Ape Tribe #425,3069,6,https://bafybeiga6m6i3tnfqb7pycaw5idyzjmiirtniokgdpojocqwnykuhn27eu.ipfs.nftstorage.link/425.png?ext=png,-66.356483
320,18.35182,85.0,Trippin' Ape Tribe #9986,9901,6,https://bafybeidqwdbqnsiec3doolplndhjmixd7lczhxjaiq2iid6p2fpy4ukzqy.ipfs.nftstorage.link/9986.png?ext=png,-66.64818
351,31.613129,100.0,Trippin' Ape Tribe #1745,607,6,https://bafybeifsjkhh2kz3fc3rfhnyhdqu2rma257ymxro73gwqife5ftkjoosmm.ipfs.nftstorage.link/1745.png?ext=png,-68.386871
451,20.386122,90.0,Trippin' Ape Tribe #7857,3506,6,https://bafybeickuz3xox36uq6jibb4vp6zudt4o63g5k2ifgjxmqohnqrrs7obnq.ipfs.nftstorage.link/7857.png?ext=png,-69.613878
112,20.723328,90.42069,Trippin' Ape Tribe #2175,2310,6,https://bafybeifokc4e2rprqpze7h4bvd5f4qynrgdanvld4tvn24dzzpf44wjgru.ipfs.nftstorage.link/2175.png?ext=png,-69.697362
248,18.242552,88.0,Trippin' Ape Tribe #967,8594,6,https://bafybeid5rcu6yk3gpo7rzggzntebjtbjqxt3unwpxl24plzea6pnvh3dmu.ipfs.nftstorage.link/967.png?ext=png,-69.757448
28,29.89893,100.0,Trippin' Ape Tribe #1026,795,6,https://bafybeicehdhnsrwexg4vq4oaohxchdvygi3hroeujxccfxf4ymcx5w4vti.ipfs.nftstorage.link/1026.png?ext=png,-70.10106999999999
386,22.701668,93.0,Trippin' Ape Tribe #185,1860,6,https://bafybeigtuhbbl7wfcaptprwuffym7qn2uwhmxltcywvbqsgujla2r3z2la.ipfs.nftstorage.link/185.png?ext=png,-70.298332
243,27.022419,99.0,Trippin' Ape Tribe #6710,5614,5,https://bafybeifbs3qykzsu2qmbst2r2sva2fzmxhsixkvclffkq53a3kaznekymi.ipfs.nftstorage.link/6710.png?ext=png,-71.977581
405,26.491165,99.0,Trippin' Ape Tribe #8908,5923,4,https://bafybeiapbx5xvrj5yidda5chvfl3psg3jjxsasjz6dturwla3juqu67stq.ipfs.nftstorage.link/8908.png?ext=png,-72.508835
326,27.111307,100.0,Trippin' Ape Tribe #2764,2566,6,https://bafybeietr7ubex4zkmsee7jlqeee22wwix7riuyw7gbma3jatcbknr6pfu.ipfs.nftstorage.link/2764.png?ext=png,-72.888693
374,25.79519,99.99,Trippin' Ape Tribe #8199,1064,5,https://bafybeib2vofcbtryjmbqpkfkffhoeto6vmc2o56l5u3izn43ghxsd5md4e.ipfs.nftstorage.link/8199.png?ext=png,-74.19480999999999
471,27.854343,103.0,Trippin' Ape Tribe #7274,892,6,https://bafybeifx5ghnpkx7s32xziixiteofygvdsjuedztsmxty3p6hfwfh3aeua.ipfs.nftstorage.link/7274.png?ext=png,-75.145657
263,22.538624,99.0,Trippin' Ape Tribe #7184,1947,6,https://bafybeig7taj5ggi4g4gjz2vqnhwmwio2hs5qshuzcllviifh3g7xykcmg4.ipfs.nftstorage.link/7184.png?ext=png,-76.461376
452,22.650824,99.9,Trippin' Ape Tribe #864,1310,6,https://bafybeidhundcxfvfpn2kngwts5dkaygo663kccudnn3upgr43bw5t2bzya.ipfs.nftstorage.link/864.png?ext=png,-77.249176
412,22.225552,100.0,Trippin' Ape Tribe #6057,1495,6,https://bafybeiczfswx4rblowsvyt6xgswvb2ocobbecjmpeszz66j244k2sx6bvu.ipfs.nftstorage.link/6057.png?ext=png,-77.774448
426,21.90372,100.0,Trippin' Ape Tribe #3213,5196,6,https://bafybeiax62ij5ea3dymr5tgmmhrqojkxoabljxfigjbdwzozomnlzkvzmi.ipfs.nftstorage.link/3213.png?ext=png,-78.09628000000001
485,18.72663,99.99,Trippin' Ape Tribe #5455,8776,6,https://bafybeiclnx34ljvpiqjwm6hspg73pfzincfvelu2ibuzg5dfqwa52av32a.ipfs.nftstorage.link/5455.png?ext=png,-81.26337
476,18.593824,100.0,Trippin' Ape Tribe #5317,6001,6,https://bafybeie6nzuzkgq7elgqge5kv4gl7bobrg3ct2ml772pz4tgnct23wizc4.ipfs.nftstorage.link/5317.png?ext=png,-81.406176
239,18.387392,100.0,Trippin' Ape Tribe #2749,8582,6,https://bafybeifeh3hkcwtenzczpsjkntrqj2cwvty3ehl25z3xjys4ei3eytetgm.ipfs.nftstorage.link/2749.png?ext=png,-81.612608
340,18.223051,100.0,Trippin' Ape Tribe #5090,8796,6,https://bafybeiflemqg3fgyquf76dgqzfdnweyju6ist57ffgri5feompldidwn2i.ipfs.nftstorage.link/5090.png?ext=png,-81.776949
408,17.217861,99.0,Trippin' Ape Tribe #9145,9428,6,https://bafybeidje5vnyowy2lubizukxzeel4pnmb54wko6tme54diltdqwmvsgoq.ipfs.nftstorage.link/9145.png?ext=png,-81.782139
334,29.102938,111.0,Trippin' Ape Tribe #7559,3008,6,https://bafybeiblytpkam3gavovmcio6ywj2qtpxc4buvm3fe6vtnyqirsqn5573m.ipfs.nftstorage.link/7559.png?ext=png,-81.897062
238,18.012524,100.0,Trippin' Ape Tribe #9202,9987,6,https://bafybeic4az2mvfd764qtsnb7rgdcxfgjayenetzogxuwuzs6i5fgykvdzm.ipfs.nftstorage.link/9202.png?ext=png,-81.987476
400,17.964294,100.0,Trippin' Ape Tribe #8009,5382,6,https://bafybeic5lhnsr6mmfdiusgb6apcd2ws3mu5ccbstojtxtcpzrkxk75hska.ipfs.nftstorage.link/8009.png?ext=png,-82.035706
488,22.320288,108.0,Trippin' Ape Tribe #4638,1956,6,https://bafybeiajm7okhvoiymt6bknqh6fmxzylanotwbryxzggi3wpj3xrrptspi.ipfs.nftstorage.link/4638.png?ext=png,-85.679712
467,20.499384,107.0,Trippin' Ape Tribe #1038,1801,6,https://bafybeicehdhnsrwexg4vq4oaohxchdvygi3hroeujxccfxf4ymcx5w4vti.ipfs.nftstorage.link/1038.png?ext=png,-86.50061600000001
254,31.969944,120.0,Trippin' Ape Tribe #4350,370,6,https://bafybeig3gowwv6omqmdnz3sxqatsritz7jpcbhgpbsjzefp4t74xr7w3uy.ipfs.nftstorage.link/4350.png?ext=png,-88.030056
448,28.657349,117.0,Trippin' Ape Tribe #4540,5601,6,https://bafybeieqikpprhg6elzorxpc47t7qim73fm5lpawacjqeoaxjodye4y6de.ipfs.nftstorage.link/4540.png?ext=png,-88.342651
114,24.12392,115.0,Trippin' Ape Tribe #2021,1971,6,https://bafybeicw4z3x6hqhlysdqrl72wmqdejsciqpwty4jwxjilzouwzwcw52je.ipfs.nftstorage.link/2021.png?ext=png,-90.87608
290,17.94591,111.0,Trippin' Ape Tribe #1174,7511,6,https://bafybeidhumcywhqmw5vqiqwewz5hg3e22h2pof3s3725jbpey5fa6gnxny.ipfs.nftstorage.link/1174.png?ext=png,-93.05409
194,41.509663,139.0,Trippin' Ape Tribe #2228,1636,6,https://bafybeie57mmmlfu4yo22d3722sc62zi3lnbszu7y5bg4xy4glmcaywnjzm.ipfs.nftstorage.link/2228.png?ext=png,-97.490337
402,30.284534,129.0,Trippin' Ape Tribe #1444,692,6,https://bafybeibgbmq4h64f7l3dodpzbgoudwejhbyer3txjpsqse27jy5e34ah4q.ipfs.nftstorage.link/1444.png?ext=png,-98.71546599999999
285,39.19933,138.0,Trippin' Ape Tribe #7457,188,6,https://bafybeiapwl2xzjscrlfemyxy6q77fi53facpykcg6a266ljcyxndu3t7xu.ipfs.nftstorage.link/7457.png?ext=png,-98.80067
466,19.202652,120.0,Trippin' Ape Tribe #8163,6766,6,https://bafybeia2yg4nchlxoqmwupifrvljdy7caxw5234bfcddalq5wzy4zpzu3e.ipfs.nftstorage.link/8163.png?ext=png,-100.797348
418,19.026163,120.0,Trippin' Ape Tribe #7909,7929,6,https://bafybeihtx4ib6gqf7gs4bbct322pue6fknt4dptddgknxocbygsnacvqhi.ipfs.nftstorage.link/7909.png?ext=png,-100.973837
356,18.742567,120.0,Trippin' Ape Tribe #3027,3813,6,https://bafybeibbzpwbca3w6jeaxh4pbwqxzrbxa3edwhwy6wsjv4zd3umdm2v2ea.ipfs.nftstorage.link/3027.png?ext=png,-101.25743299999999
215,38.695747,140.0,Trippin' Ape Tribe #3884,491,6,https://bafybeiagrj64mckvzuxaxgcddsnahatkpoiaf5fcs7sw25zou44nbcogkm.ipfs.nftstorage.link/3884.png?ext=png,-101.304253
464,18.48206,120.0,Trippin' Ape Tribe #9465,7493,6,https://bafybeiantuvkznrlrhfnvjzkvn77inemjn6kkz6e4yzu23pwmpbieebl44.ipfs.nftstorage.link/9465.png?ext=png,-101.51794
463,18.244614,120.0,Trippin' Ape Tribe #9480,9663,6,https://bafybeigo6vmfavbykwltc3w7dsqdghwmevreuizhpm5vbz4qgngqus6mze.ipfs.nftstorage.link/9480.png?ext=png,-101.755386
102,24.340937,130.0,Trippin' Ape Tribe #7503,1251,6,https://bafybeifpawzi5dk5vdlpcen63hlspeb7763rsi7z7mjbwab6ieduk5gccy.ipfs.nftstorage.link/7503.png?ext=png,-105.659063
416,18.996492,128.0,Trippin' Ape Tribe #3367,5007,6,https://bafybeigfnzutxwtznjmczyvdwws2ycaoi2fkeuw7sf63v6tg4zgav2nuze.ipfs.nftstorage.link/3367.png?ext=png,-109.003508
435,18.831648,130.626,Trippin' Ape Tribe #626,1854,6,https://bafybeiehyj7jn4ri55r2chmntemmn66oxi24p4vgz6lexjfy2hy6jd2i7a.ipfs.nftstorage.link/626.png?ext=png,-111.794352
417,35.749863,150.0,Trippin' Ape Tribe #6548,224,6,https://bafybeicqfr6mzqntl6a36tpfiuwf3i77tyshycqo4abkhei2st6jfrwv7m.ipfs.nftstorage.link/6548.png?ext=png,-114.250137
146,29.615047,146.0,Trippin' Ape Tribe #5525,264,6,https://bafybeihq2t5frcamsnmfdhcl4toj7x3slfwa63tbzumlbm2x6dih5eaoqu.ipfs.nftstorage.link/5525.png?ext=png,-116.384953
410,27.07454,145.0,Trippin' Ape Tribe #8932,5005,4,https://bafybeihjqb2ecutddgo7pt3i4fugyibg56ekzb6tf4onshofvpfzsbpufu.ipfs.nftstorage.link/8932.png?ext=png,-117.92546
274,31.075804,150.0,Trippin' Ape Tribe #1304,339,6,https://bafybeianbj4brupgeqd62tvj3aon2ipy4xdehunit6gko7ggfvrty2rbh4.ipfs.nftstorage.link/1304.png?ext=png,-118.924196
181,41.570774,165.0,Trippin' Ape Tribe #6211,350,6,https://bafybeigousytzzwiqhbi4ra6xjt7wjnqxuiryuzqjvbroa3izfhjdfxqlu.ipfs.nftstorage.link/6211.png?ext=png,-123.429226
487,25.281763,150.0,Trippin' Ape Tribe #7412,1224,6,https://bafybeib4mwg33g4i5crcnvdwrmvvj3qfj75ajyehzw7dbki4k2bma5wjfq.ipfs.nftstorage.link/7412.png?ext=png,-124.718237
423,18.12182,144.0,Trippin' Ape Tribe #78,7292,6,https://bafybeicvrfn5xz3ycb55azywbiyss5ndecchnq7jtnrlwaq44zsfkqcq2i.ipfs.nftstorage.link/78.png?ext=png,-125.87818
228,74.00801,200.0,Trippin' Ape Tribe #8816,76,6,https://bafybeieinrpbl2mpjevrqtwmudv26lx3sdlb4nsuujqefikk3ode4bupdy.ipfs.nftstorage.link/8816.png?ext=png,-125.99199
431,23.214678,150.0,Trippin' Ape Tribe #2869,2167,6,https://bafybeig5lkf3ogztvkne4kt75h4fjej3jzslk3semljmpkr6xghl2p76tm.ipfs.nftstorage.link/2869.png?ext=png,-126.78532200000001
442,22.923569,150.0,Trippin' Ape Tribe #4576,1664,6,https://bafybeidhnhsnc2s4tlhhfcdlbexboy62xm4uu2cqav5uxuayqudjaos2z4.ipfs.nftstorage.link/4576.png?ext=png,-127.076431
432,30.105982,158.0,Trippin' Ape Tribe #4876,3982,6,https://bafybeiffbdxmzsaakogzpomey5adduqqrepupay2qkqlmwi5qjdf2wqbi4.ipfs.nftstorage.link/4876.png?ext=png,-127.894018
346,22.042704,150.0,Trippin' Ape Tribe #8764,1297,6,https://bafybeicmzrfthwwhcpidnyrenrh4w2vfuscsj6eahl7rxdd3vycrosh7be.ipfs.nftstorage.link/8764.png?ext=png,-127.957296
384,21.208994,150.0,Trippin' Ape Tribe #6970,2634,6,https://bafybeibzrlztb57622rkvsriyjv2e2kpacxdkx7ouyude66n6h42otuegm.ipfs.nftstorage.link/6970.png?ext=png,-128.791006
240,29.219774,160.0,Trippin' Ape Tribe #6103,744,6,https://bafybeicjw2svd6e6j2x6qwc42vnhasmwmg5mjibrjsbtozymwixa63t2fm.ipfs.nftstorage.link/6103.png?ext=png,-130.780226
457,19.186913,150.0,Trippin' Ape Tribe #6357,5730,6,https://bafybeihq53ibebzh57jlwbqj3c6bogu6dhnl7n6acf46ok7dtw5dpnip2q.ipfs.nftstorage.link/6357.png?ext=png,-130.813087
489,18.925343,150.0,Trippin' Ape Tribe #7078,3299,6,https://bafybeihukg63dsqklv4aqyvqtcluhdbvvl65wbjmsm5vtfpo3xuo7ymxaa.ipfs.nftstorage.link/7078.png?ext=png,-131.074657
490,18.9088,150.0,Trippin' Ape Tribe #1387,4194,6,https://bafybeies5fadqxu4yfdmxnrn3wnecxyzmcyo27jmq34xqwdryyfdxttdfq.ipfs.nftstorage.link/1387.png?ext=png,-131.09120000000001
481,17.896137,149.0,Trippin' Ape Tribe #6148,8622,6,https://bafybeifptrcrnvusuyn2y775gglu7h5icqsxpclv7bls74bv2orfjupkra.ipfs.nftstorage.link/6148.png?ext=png,-131.103863
456,18.320656,150.0,Trippin' Ape Tribe #1671,6086,6,https://bafybeicm2f5d2dttklhbaccggq2nbiioijpet5sjvbbmrm6wpxkgq5agb4.ipfs.nftstorage.link/1671.png?ext=png,-131.67934400000001
336,20.485065,155.0,Trippin' Ape Tribe #2718,2208,6,https://bafybeicov7mgkabflqn7z753ci4bh6qrlaqwdvqw7ewbbwnct2oqrzbzb4.ipfs.nftstorage.link/2718.png?ext=png,-134.514935
415,33.38115,170.0,Trippin' Ape Tribe #587,478,6,https://bafybeibfm3kte223zqgx43bibgk4ogtvhw7zfjsgqefbbyzuzs5quu3toq.ipfs.nftstorage.link/587.png?ext=png,-136.61885
60,61.711945,200.0,Trippin' Ape Tribe #8880,114,6,https://bafybeiapbx5xvrj5yidda5chvfl3psg3jjxsasjz6dturwla3juqu67stq.ipfs.nftstorage.link/8880.png?ext=png,-138.28805499999999
411,21.138256,160.0,Trippin' Ape Tribe #1924,7281,6,https://bafybeigoarbdzhrta6lxsplyqj2rq2fu6lezkqiiai4qzkqvit5ugpczma.ipfs.nftstorage.link/1924.png?ext=png,-138.861744
117,82.66035,222.0,Trippin' Ape Tribe #8826,42,6,https://bafybeibtnnm2dtji64dfgfeek4o5jcxh6qw2jeirmrznzdu6bq253hq2cq.ipfs.nftstorage.link/8826.png?ext=png,-139.33965
459,19.322126,160.0,Trippin' Ape Tribe #7873,5863,6,https://bafybeihhqcdesezks4gqalfmvihpa3hbne5ltx2qvhuga3xaqo7ypeuwli.ipfs.nftstorage.link/7873.png?ext=png,-140.677874
444,31.553835,177.0,Trippin' Ape Tribe #2061,372,6,https://bafybeic4nzc7x7gram3cwbrzqyrc7zaczih43c6gxrms3y2al63dy57umq.ipfs.nftstorage.link/2061.png?ext=png,-145.446165
389,21.212479,169.0,Trippin' Ape Tribe #5189,3072,6,https://bafybeihfmsoz42omh5axgbys4migwbiqcmhzzmusnetnwp4uklhiv746tm.ipfs.nftstorage.link/5189.png?ext=png,-147.787521
335,26.805164,175.0,Trippin' Ape Tribe #7864,1730,6,https://bafybeihhqcdesezks4gqalfmvihpa3hbne5ltx2qvhuga3xaqo7ypeuwli.ipfs.nftstorage.link/7864.png?ext=png,-148.194836
438,20.38243,179.0,Trippin' Ape Tribe #5430,1745,5,https://bafybeiclnx34ljvpiqjwm6hspg73pfzincfvelu2ibuzg5dfqwa52av32a.ipfs.nftstorage.link/5430.png?ext=png,-158.61757
447,23.59088,188.69,Trippin' Ape Tribe #6581,1147,6,https://bafybeiefqrvwbrmhmjdfzjcfhewh5fhgr4ejv42ogdqbuk3j64bqkyqtyi.ipfs.nftstorage.link/6581.png?ext=png,-165.09912
162,108.25321,275.0,Trippin' Ape Tribe #8875,35,6,https://bafybeickrzluyi7nijhv2jq7rjs5yw27tuqvg4mxiqwgttihfimeq46dnu.ipfs.nftstorage.link/8875.png?ext=png,-166.74679
461,18.047976,188.0,Trippin' Ape Tribe #9993,9230,5,https://bafybeid57zdim6oi236jl5cxeabsosnlr6lurblmufw3rltab6n3vhvvey.ipfs.nftstorage.link/9993.png?ext=png,-169.952024
486,21.290768,200.0,Trippin' Ape Tribe #7295,2440,6,https://bafybeiatecpytvlfwltbw6c7rq6w5pw3tkas4kwxmcsselfwf3l3crncte.ipfs.nftstorage.link/7295.png?ext=png,-178.709232
409,19.524405,200.0,Trippin' Ape Tribe #7803,3307,6,https://bafybeicvinsektnbshnfpgjaz3vn2uyp6mwpmdnqbua2jytbuiuowwmbbm.ipfs.nftstorage.link/7803.png?ext=png,-180.475595
385,18.373243,200.0,Trippin' Ape Tribe #7837,9751,6,https://bafybeickuz3xox36uq6jibb4vp6zudt4o63g5k2ifgjxmqohnqrrs7obnq.ipfs.nftstorage.link/7837.png?ext=png,-181.626757
293,45.558666,239.0,Trippin' Ape Tribe #8428,173,6,https://bafybeies2umahiq4w7bozochyzkbxvs5pbgnbkabnvndlarpwocdeqigeu.ipfs.nftstorage.link/8428.png?ext=png,-193.44133399999998
73,49.65205,250.0,Trippin' Ape Tribe #4384,111,6,https://bafybeiesjatnhfqq7gaqztj4jy2lpg5vk47qe6tjptplwwopzbpnsa65p4.ipfs.nftstorage.link/4384.png?ext=png,-200.34795
388,92.11252,300.0,Trippin' Ape Tribe #8837,66,6,https://bafybeibtnnm2dtji64dfgfeek4o5jcxh6qw2jeirmrznzdu6bq253hq2cq.ipfs.nftstorage.link/8837.png?ext=png,-207.88747999999998
390,36.086494,255.0,Trippin' Ape Tribe #4804,416,6,https://bafybeig5otyla2t4qnpsemfg3hxqqfxg4hzolxq274wirv5gdmonrra45q.ipfs.nftstorage.link/4804.png?ext=png,-218.91350599999998
434,29.963518,250.0,Trippin' Ape Tribe #3151,643,6,https://bafybeievpzq2yo6h7ur7yae2civh566snu75qxdpukacbpwbzl5tulw4wa.ipfs.nftstorage.link/3151.png?ext=png,-220.036482
482,18.593517,250.0,Trippin' Ape Tribe #9588,9508,6,https://bafybeifmzov4trnmztyel4ddy4c35yac6s43kpbl6uux746nptkwj6hrjy.ipfs.nftstorage.link/9588.png?ext=png,-231.406483
441,18.216764,250.0,Trippin' Ape Tribe #9490,9355,5,https://bafybeigo6vmfavbykwltc3w7dsqdghwmevreuizhpm5vbz4qgngqus6mze.ipfs.nftstorage.link/9490.png?ext=png,-231.783236
439,32.474586,265.0,Trippin' Ape Tribe #7367,433,6,https://bafybeidjuevw2dya463wwyckkp6w5hyfblku3siosnxd5obmljin2ejwgy.ipfs.nftstorage.link/7367.png?ext=png,-232.525414
462,18.506784,269.6969,Trippin' Ape Tribe #2263,6289,6,https://bafybeic36izbjiq4bqxypbrogwhbzinippoml4dkc53jbd25255aa7ajwu.ipfs.nftstorage.link/2263.png?ext=png,-251.19011600000002
455,18.775682,270.0,Trippin' Ape Tribe #741,4504,5,https://bafybeia46il4jvv3pis7zp2wwyygzmmkojerurnkxvfd3syj7kj7w2b37i.ipfs.nftstorage.link/741.png?ext=png,-251.224318
472,31.847134,300.0,Trippin' Ape Tribe #3243,196,6,https://bafybeibmte44k7tnnrgbymrexnytyfx6s6owxq2otrqtkh6risthdoxbry.ipfs.nftstorage.link/3243.png?ext=png,-268.152866
381,20.63661,290.0,Trippin' Ape Tribe #4854,2718,6,https://bafybeidowl7bx6cgrbzoaxkjm3phn4c7n26rlehzovtkyqvdl4twcv5qrm.ipfs.nftstorage.link/4854.png?ext=png,-269.36339
469,22.374222,295.0,Trippin' Ape Tribe #5314,1311,6,https://bafybeie6nzuzkgq7elgqge5kv4gl7bobrg3ct2ml772pz4tgnct23wizc4.ipfs.nftstorage.link/5314.png?ext=png,-272.625778
473,18.106058,300.0,Trippin' Ape Tribe #9827,9716,6,https://bafybeiepilmsehzs7gltqzemhbtfbww6bwwl2pizlvgjpbcrdi7vr22xha.ipfs.nftstorage.link/9827.png?ext=png,-281.893942
404,30.261612,333.0,Trippin' Ape Tribe #9009,4245,4,https://bafybeifr5fo5r4q7hv76rwxr4ft5cudjge36ptyuapn5q7xujh6avzx67e.ipfs.nftstorage.link/9009.png?ext=png,-302.738388
232,58.632984,380.0,Trippin' Ape Tribe #15,5,6,https://bafybeih6n3czjc6cwwiyfmfo5kihuojsxm2jo2y2fdoweo3bq6rq76vli4.ipfs.nftstorage.link/15.png?ext=png,-321.367016
377,39.98157,398.88,Trippin' Ape Tribe #834,128,6,https://bafybeiatneg567e5p2ttmmzelwi3zadwlmw3vdjbea3nswogxwldirqkcq.ipfs.nftstorage.link/834.png?ext=png,-358.89843
200,50.446823,420.0,Trippin' Ape Tribe #3832,162,6,https://bafybeiezgxptptigqjsflnthnodhnzc3m7bv5xhq7a4qn462y6qfjv6xwq.ipfs.nftstorage.link/3832.png?ext=png,-369.553177
380,65.51652,445.0,Trippin' Ape Tribe #8804,98,6,https://bafybeieinrpbl2mpjevrqtwmudv26lx3sdlb4nsuujqefikk3ode4bupdy.ipfs.nftstorage.link/8804.png?ext=png,-379.48348
310,84.237236,500.0,Trippin' Ape Tribe #8811,48,6,https://bafybeieinrpbl2mpjevrqtwmudv26lx3sdlb4nsuujqefikk3ode4bupdy.ipfs.nftstorage.link/8811.png?ext=png,-415.762764
470,22.236713,500.0,Trippin' Ape Tribe #5061,1915,6,https://bafybeia2w7dh3ldztxhn7o2sx4iwr46xgdqg2e6fkuac6m4j3h5j4da35u.ipfs.nftstorage.link/5061.png?ext=png,-477.763287
406,21.121418,500.0,Trippin' Ape Tribe #3881,3137,6,https://bafybeiagrj64mckvzuxaxgcddsnahatkpoiaf5fcs7sw25zou44nbcogkm.ipfs.nftstorage.link/3881.png?ext=png,-478.878582
479,18.430672,522.0,Trippin' Ape Tribe #1181,5908,6,https://bafybeidhumcywhqmw5vqiqwewz5hg3e22h2pof3s3725jbpey5fa6gnxny.ipfs.nftstorage.link/1181.png?ext=png,-503.569328
392,46.185234,555.0,Trippin' Ape Tribe #3474,537,6,https://bafybeiboe5nwqpsonoimwwjzqatzdb75x2bg67r2ylhmiw2stvxrglwxwq.ipfs.nftstorage.link/3474.png?ext=png,-508.814766
436,29.947914,598.0,Trippin' Ape Tribe #9018,4976,4,https://bafybeifr5fo5r4q7hv76rwxr4ft5cudjge36ptyuapn5q7xujh6avzx67e.ipfs.nftstorage.link/9018.png?ext=png,-568.052086
454,44.528507,699.0,Trippin' Ape Tribe #2290,160,6,https://bafybeici57n5p3r3kcnmycpgwqrshuecsoocvdxc6d3ab5hlbfavtpu2gu.ipfs.nftstorage.link/2290.png?ext=png,-654.471493
299,57.822536,777.0,Trippin' Ape Tribe #14,3,6,https://bafybeih6n3czjc6cwwiyfmfo5kihuojsxm2jo2y2fdoweo3bq6rq76vli4.ipfs.nftstorage.link/14.png?ext=png,-719.177464
413,83.20051,1250.0,Trippin' Ape Tribe #8829,73,6,https://bafybeibtnnm2dtji64dfgfeek4o5jcxh6qw2jeirmrznzdu6bq253hq2cq.ipfs.nftstorage.link/8829.png?ext=png,-1166.79949
393,113.46033,1420.0,Trippin' Ape Tribe #8821,11,6,https://bafybeibtnnm2dtji64dfgfeek4o5jcxh6qw2jeirmrznzdu6bq253hq2cq.ipfs.nftstorage.link/8821.png?ext=png,-1306.5396700000001
347,57.508057,3333.0,Trippin' Ape Tribe #11,4,6,https://bafybeih6n3czjc6cwwiyfmfo5kihuojsxm2jo2y2fdoweo3bq6rq76vli4.ipfs.nftstorage.link/11.png?ext=png,-3275.491943
253,19.683006,7777.1,Trippin' Ape Tribe #6129,6065,5,https://bafybeifptrcrnvusuyn2y775gglu7h5icqsxpclv7bls74bv2orfjupkra.ipfs.nftstorage.link/6129.png?ext=png,-7757.416994
192,19.345585,10000.0,Trippin' Ape Tribe #3661,10000,6,https://bafybeibc52a2o5w5irfee655brhipl66mc6gkivxkbvqyzotgojtygdjmi.ipfs.nftstorage.link/3661.png?ext=png,-9980.654415
